Item Details,Qty.,Unit
         Alfa Roll 3700-1,57,Rolls
         Alfa Roll 3700-2,42,Rolls
         Alfa Roll 3700-3,54,Rolls
         Alfa Roll 3700-4,57,Rolls
         Alfa Roll 3700-5,17,Rolls
         Alfa Roll 3700-6,27,Rolls
         Alfa Roll 3701-1,204,Rolls
         Alfa Roll 3701-2,0,Rolls
         Alfa Roll 3701-3,34,Rolls
         Alfa Roll 3701-4,55,Rolls
         Alfa Roll 3701-5,171,Rolls
         Alfa Roll 3701-6,92,Rolls
         Alfa Roll 3702-1,54,Rolls
         Alfa Roll 3702-2,56,Rolls
         Alfa Roll 3702-3,0,Rolls
         Alfa Roll 3702-4,6,Rolls
         Alfa Roll 3703-1,22,Rolls
         Alfa Roll 3703-2,88,Rolls
         Alfa Roll 3703-3,22,Rolls
         Alfa Roll 3703-4,23,Rolls
         Alfa Roll 3704-1,52,Rolls
         Alfa Roll 3704-2,4,Rolls
         Alfa Roll 3704-3,69,Rolls
         Alfa Roll 3704-4,0,Rolls
         Alfa Roll 3704-5,24,Rolls
         Alfa Roll 3704-6,45,Rolls
         Alfa Roll 3704-7,11,Rolls
         Alfa Roll 3704-8,117,Rolls
         Alfa Roll 3704-9,9,Rolls
         Alfa Roll 3705-1,17,Rolls
         Alfa Roll 3705-2,13,Rolls
         Alfa Roll 3705-3,14,Rolls
         Alfa Roll 3705-4,31,Rolls
         Alfa Roll 3705-5,30,Rolls
         Alfa Roll 3707-1,85,Rolls
         Alfa Roll 3707-2,140,Rolls
         Alfa Roll 3707-3,4,Rolls
         Alfa Roll 3707-4,186,Rolls
         Alfa Roll 3707-5,35,Rolls
         Alfa Roll 3707-6,26,Rolls
         Alfa Roll 3707-7,53,Rolls
         Alfa Roll 3708-1,45,Rolls
         Alfa Roll 3708-2,112,Rolls
         Alfa Roll 3708-3,0,Rolls
         Alfa Roll 3708-4,70,Rolls
         Alfa Roll 3709-1,46,Rolls
         Alfa Roll 3709-2,80,Rolls
         Alfa Roll 3709-3,39,Rolls
         Alfa Roll 3709-4,22,Rolls
         Alfa Roll 3710-1,13,Rolls
         Alfa Roll 3710-2,48,Rolls
         Alfa Roll 3710-3,78,Rolls
         Alfa Roll 3710-4,31,Rolls
         Alfa Roll 3710-5,42,Rolls
         Alfa Roll 3711-1,7,Rolls
         Alfa Roll 3711-2,18,Rolls
         Alfa Roll 3711-3,64,Rolls
         Alfa Roll 3711-4,35,Rolls
         Alfa Roll 3711-5,22,Rolls
         Alfa Roll 3711-6,25,Rolls
         Alfa Roll 3712-1,21,Rolls
         Alfa Roll 3712-2,22,Rolls
         Alfa Roll 3712-3,49,Rolls
         Alfa Roll 3712-4,13,Rolls
         Alfa Roll 3712-5,11,Rolls
         Alfa Roll 3713-1,21,Rolls
         Alfa Roll 3713-2,36,Rolls
         Alfa Roll 3713-3,57,Rolls
         Alfa Roll 3713-4,27,Rolls
         Alfa Roll 3713-5,95,Rolls
         Alfa Roll 3713-6,59,Rolls
         Alfa Roll 3714-1,17,Rolls
         Alfa Roll 3714-2,14,Rolls
         Alfa Roll 3714-3,4,Rolls
         Alfa Roll 3714-4,48,Rolls
         Alfa Roll 3715-1,34,Rolls
         Alfa Roll 3715-2,30,Rolls
         Alfa Roll 3715-3,36,Rolls
         Alfa Roll 3715-4,28,Rolls
         Alfa Roll 3715-5,21,Rolls
         Alfa Roll 3716-1,42,Rolls
         Alfa Roll 3716-2,6,Rolls
         Alfa Roll 3716-3,51,Rolls
         Alfa Roll 3716-4,49,Rolls
         Alfa Roll 3716-5,10,Rolls
         Alfa Roll 3716-6,67,Rolls
         Alfa Roll 3716-7,28,Rolls
         Alfa Roll 3717-1,26,Rolls
         Alfa Roll 3717-2,62,Rolls
         Alfa Roll 3717-3,53,Rolls
         Alfa Roll 3717-4,9,Rolls
         Alfa Roll 3717-5,21,Rolls
         Alfa Roll 3717-6,28,Rolls
         Alfa Roll 3717-7,27,Rolls
         Alfa Roll 3717-8,12,Rolls
         Alfa Roll 3718-1,22,Rolls
         Alfa Roll 3718-2,14,Rolls
         Alfa Roll 3718-3,40,Rolls
         Alfa Roll 3718-4,32,Rolls
         Alfa Roll 3719-1,36,Rolls
         Alfa Roll 3719-2,18,Rolls
         Alfa Roll 3719-3,5,Rolls
         Alfa Roll 3719-4,92,Rolls
         Alfa Roll 3719-5,14,Rolls
         Alfa Roll 3719-6,46,Rolls
         Alfa Roll 3719-7,33,Rolls
         PT-AS5502,27,Rolls
         PT-AS6303,70,Rolls
         PT-AS7506,81,Rolls
         PT-AS7603,50,Rolls
         PT-VE7103,69,Rolls
         PT-VE7801,61,Rolls
         PT-VE8706,98,Rolls
         SG-GG6003,42,Rolls
         SG-GG7004,79,Rolls
         SG-GG8003,0,Rolls
         SG-KR1704,59,Rolls
         SG-KR1705,0,Rolls
         SG-LA4001,54,Rolls
         SG-LA4002,50,Rolls
         SP-AN2003,24,Rolls
         SP-AN3003,31,Rolls
         SP-AN5006,92,Rolls
         SP-AN6001,28,Rolls
         SP-AN6004,44,Rolls
         SP-AN7002,44,Rolls
         SP-AN8004,47,Rolls
         SP-AN8005,46,Rolls
         SP-AN8006,81,Rolls
         SP-AN8007,0,Rolls
         SP-AN8008,34,Rolls
         SP-AR4001,53,Rolls
         SP-AS2002,80,Rolls
         SP-BE1005,22,Rolls
         SP-BE1006,40,Rolls
         SP-BS1003,17,Rolls
         SP-BS1004,57,Rolls
         SP-BS2001,111,Rolls
         SP-BS2002,115,Rolls
         SP-BS6001,63,Rolls
         SP-DG4003,90,Rolls
         SP-HA2001,66,Rolls
         SP-HA2002,0,Rolls
         SP-MT6009,71,Rolls
         SP-NL5003,70,Rolls
         SP-NL5005,64,Rolls
         SP-NL6002,69,Rolls
         SP-PV3004,61,Rolls
         SP-PV5002,110,Rolls
         SP-PV5005,90,Rolls
         SP-PV7002,31,Rolls
         SP-PV7005,22,Rolls
         SP-PV7007,16,Rolls
         SP-SF1001,76,Rolls
         SP-SF1003,61,Rolls
         SP-ST8011,95,Rolls
         SP-VE5504,95,Rolls
         CAS106,25,Rolls
         CE-B-02,28,Rolls
         CE-B-13,78,Rolls
         PT-AS6201,96,Rolls
         PT-AS7205,106,Rolls
         PT-AS7405,120,Rolls
         PT-AS7605,94,Rolls
         PT-AS8301,27,Rolls
         PT-AS8610,94,Rolls
         PT-AS8612,34,Rolls
         PT-VE10101,115,Rolls
         PT-VE10304,111,Rolls
         PT-VE12506,176,Rolls
         PT-VE12507,98,Rolls
         PT-VE7204,130,Rolls
         PT-VE7804,37,Rolls
         PT-VE8103,118,Rolls
         PT-VE8108,101,Rolls
         PT-VE8304,29,Rolls
         PT-VE8401,47,Rolls
         PT-VE8405,105,Rolls
         PT-VE9204,94,Rolls
         PT-VE9306,45,Rolls
         PT-VE9402,23,Rolls
         PT-VE9405,103,Rolls
         PT-VE9602,44,Rolls
         PT-VE9605,31,Rolls
         PT-VE9610,110,Rolls
         SG-FA1009,107,Rolls
         SG-FA3004,28,Rolls
         SG-KR1304,50,Rolls
         SG-KR1404,113,Rolls
         SG-LA6005,114,Rolls
         SG-SL1004,110,Rolls
         SG-SL1005,113,Rolls
         SG-SL3002,135,Rolls
         SME-G-03,54,Rolls
         SP-AN8009,22,Rolls
         SP-AR7008,26,Rolls
         SP-AS4005,30,Rolls
         SP-BS3004,101,Rolls
         SP-BS3006,98,Rolls
         SP-BS4006,88,Rolls
         SP-BS7002,110,Rolls
         SP-HA5003,29,Rolls
         SP-LB7006,104,Rolls
         SP-PV3001,140,Rolls
         SP-SP1006,21,Rolls
         SP-SP2003,135,Rolls
         SP-SP2006,38,Rolls
         SP-SP3002,19,Rolls
         SP-ST8008,128,Rolls
         SSK-D-02,9,Rolls
         SST-D-01,95,Rolls
         PT-AS5202,30,Rolls
         PT-AS5206,30,Rolls
         PT-AS5401,28,Rolls
         PT-AS5404,24,Rolls
         PT-AS5406,0,Rolls
         SG-LA2002,26,Rolls
         SG-LA3002,36,Rolls
         SG-LA3004,55,Rolls
         SG-SL6003,35,Rolls
         SG-SL7002,29,Rolls
         SG-SL7007,40,Rolls
         SP-AS1001,40,Rolls
         SP-AS1002,4,Rolls
         SP-AS1003,15,Rolls
         SP-AS1007,16,Rolls
         SP-AS4603,25,Rolls
         SP-AS5007,38,Rolls
         SP-AS6001,22,Rolls
         SP-AS6008,46,Rolls
         SP-AS7002,28,Rolls
         SP-AS7003,34,Rolls
         SP-AS7008,26,Rolls
         SP-ST5007,12,Rolls
         SP-VE5101,2,Rolls
         SP-VE5105,25,Rolls
         SP-VE5305,44,Rolls
         SP-VE5601,22,Rolls
         SP-VE5602,33,Rolls
         SP-VE6102,0,Rolls
         SP-VE6106,23,Rolls
         SP-VE6203,36,Rolls
         Atelier Wallpaper Catalogue,10,    Nos
         F-BV7008,46,Rolls
         F-CA5004,62,Rolls
         F-DH4005,15,Rolls
         F-DJ6002,86,Rolls
         F-DJ6004,47,Rolls
         F-DJ6006,86,Rolls
         F-FE1004,49,Rolls
         F-FE1005,33,Rolls
         F-FE2002,115,Rolls
         F-FE2004,85,Rolls
         F-FE3001,25,Rolls
         F-FE3005,60,Rolls
         F-FG8004,60,Rolls
         F-FG8014,68,Rolls
         F-FT1001,96,Rolls
         F-FT1002,73,Rolls
         F-FT1003,0,Rolls
         F-FT6003,60,Rolls
         F-FV2007,164,Rolls
         F-FV5005,107,Rolls
         F-GA4010,46,Rolls
         F-GA4012,91,Rolls
         F-HM2004,2,Rolls
         F-HM3002,66,Rolls
         F-HM3003,72,Rolls
         F-HM3004,60,Rolls
         F-HM3006,63,Rolls
         F-HM7005,113,Rolls
         F-IN5005,92,Rolls
         F-KA7001,57,Rolls
         F-MA1005,81,Rolls
         F-MA2006,77,Rolls
         F-MA3001,9,Rolls
         F-MA3009,105,Rolls
         F-MI1002,0,Rolls
         F-MI1004,9,Rolls
         F-MI8004,97,Rolls
         F-MY8008,54,Rolls
         F-RE1011,63,Rolls
         F-RE2004,67,Rolls
         F-RE2005,103,Rolls
         F-RE4002,42,Rolls
         F-ST1003,85,Rolls
         F-ST1005,48,Rolls
         F-ST3001,74,Rolls
         F-ST3002,43,Rolls
         F-ST3003,54,Rolls
         F-ST4005,106,Rolls
         F-SY4001,52,Rolls
         F-TL5004,69,Rolls
         F-WI6002,162,Rolls
         PT-AS10201,16,Rolls
         PT-AS10301,25,Rolls
         PT-AS9204,13,Rolls
         PT-VE13501,62,Rolls
         SP-SA4005,73,Rolls
         SP-WG6003,59,Rolls
         AURORA Wallpaper Catalogue,10,    Nos
         F-BV3002,22,Rolls
         F-BV3004,55,Rolls
         F-BV3005,22,Rolls
         F-BV8002,18,Rolls
         F-CA3003,22,Rolls
         F-CA3004,50,Rolls
         F-CA7002,37,Rolls
         F-CA7006,42,Rolls
         F-DH3001,23,Rolls
         F-DH3002,0,Rolls
         F-DH4002,42,Rolls
         F-DH5001,27,Rolls
         F-DH5002,43,Rolls
         F-DH5003,23,Rolls
         F-DH7002,32,Rolls
         F-DH7003,33,Rolls
         F-DH7007,51,Rolls
         F-FT6004,59,Rolls
         F-HM4006,28,Rolls
         F-HM7004,41,Rolls
         F-IN7012,35,Rolls
         F-KA3004,25,Rolls
         F-KA3005,29,Rolls
         F-MA1001,21,Rolls
         F-MA3010,56,Rolls
         F-MI5002,31,Rolls
         F-MI5005,46,Rolls
         F-MI5006,54,Rolls
         F-OR6005,29,Rolls
         F-OR6006,48,Rolls
         F-OR8009,38,Rolls
         F-RE2002,15,Rolls
         F-RE4004,37,Rolls
         F-VA4002,46,Rolls
         F-WH3003,41,Rolls
         F-WI4002,27,Rolls
         F-WI4004,58,Rolls
         F-WI6009,53,Rolls
         PT-AS10506,23,Rolls
         PT-AS10608,33,Rolls
         PT-VE13203,45,Rolls
         PT-VE13204,53,Rolls
         PT-VE13301,23,Rolls
         PT-VE13302,31,Rolls
         PT-VE13303,50,Rolls
         PT-VE14601,29,Rolls
         PT-VE14603,25,Rolls
         PT-VE14708,41,Rolls
         PT-VE14710,28,Rolls
         SP-IG7007,37,Rolls
         SP-SA1004,46,Rolls
         SP-WG6010,24,Rolls
         Baroque Wallpaper Catalogue,10,    Nos
         F-DH5004,59,Rolls
         F-DH7008,73,Rolls
         F-DJ4003,51,Rolls
         F-EP3002,19,Rolls
         F-EP3005,60,Rolls
         F-EP3007,54,Rolls
         F-FE4003,68,Rolls
         F-FE4004,92,Rolls
         F-FE6004,117,Rolls
         F-FE6005,167,Rolls
         F-FE6006,84,Rolls
         F-FE6008,0,Rolls
         F-FT7007,61,Rolls
         F-GA1001,56,Rolls
         F-GA1002,58,Rolls
         F-GA1004,53,Rolls
         F-GA1006,69,Rolls
         F-GA4001,65,Rolls
         F-HM7006,49,Rolls
         F-KA2002,96,Rolls
         F-KA2003,63,Rolls
         F-MA1008,47,Rolls
         F-MI3003,101,Rolls
         F-MI3004,57,Rolls
         F-MI3005,61,Rolls
         F-MI5001,71,Rolls
         F-MI5003,65,Rolls
         F-MI6002,62,Rolls
         F-MI7003,99,Rolls
         F-MI7004,67,Rolls
         F-MI7005,145,Rolls
         F-MI7006,98,Rolls
         F-OR8011,58,Rolls
         F-RE1007,49,Rolls
         F-RE2007,64,Rolls
         F-RE4005,51,Rolls
         F-ST4003,130,Rolls
         F-ST8002,64,Rolls
         F-SY6004,49,Rolls
         F-VA5003,0,Rolls
         F-WI1001,40,Rolls
         F-WI1003,65,Rolls
         F-WI2002,49,Rolls
         F-WI2003,109,Rolls
         F-WI3005,124,Rolls
         F-WI5005,27,Rolls
         F-WI5006,79,Rolls
         F-WI6001,47,Rolls
         PT-AS10306,93,Rolls
         PT-AS9303,69,Rolls
         PT-AS9305,63,Rolls
         PT-AS9503,63,Rolls
         PT-AS9610,101,Rolls
         PT-VE13102,49,Rolls
         PT-VE13103,52,Rolls
         PT-VE13104,124,Rolls
         PT-VE13105,51,Rolls
         PT-VE13201,108,Rolls
         PT-VE13202,61,Rolls
         PT-VE13304,63,Rolls
         PT-VE13406,76,Rolls
         PT-VE13507,97,Rolls
         PT-VE14505,54,Rolls
         SP-WG6004,72,Rolls
         SP-WG6008,49,Rolls
         3D Wall Fabric,0,    Mtr.
         Berkeley 200.01,0,    Panel
         Berkeley 200.03,0,    Panel
         Berkeley 200.05,0,    Panel
         Berkeley 200.07,0,    Panel
         Berkeley 200.10,0,    Panel
         Berkeley 200.13,0,    Panel
         Berkeley 201.01,0,    Panel
         Berkeley 201.04,0,    Panel
         Berkeley 201.05,0,    Panel
         Berkeley 201.06,0,    Panel
         Berkeley 202.01,0,    Panel
         Berkeley 202.02,0,    Panel
         Berkeley 202.04,0,    Panel
         Berkeley 202.06,0,    Panel
         Berkeley 203.01,3,    Panel
         Berkeley 203.02,0,    Panel
         Berkeley 203.03,0,    Panel
         Berkeley 203.04,2.84,    Panel
         Berkeley 203.05,0,    Panel
         Berkeley 203.06,0,    Panel
         Berkeley 203.07,0,    Panel
         Berkeley 204.01,0,    Panel
         Berkeley 204.03,0,    Panel
         Berkeley 204.04,0,    Panel
         Berkeley 205.01,0,    Panel
         Berkeley 205.03,0,    Panel
         Berkeley 205.04,0,    Panel
         Berkeley 206.01,0,    Panel
         Berkeley 206.03,0,    Panel
         Berkeley 206.04,0,    Panel
         Berkeley 206.06,0.84,    Panel
         Berkeley 206.07,0,    Panel
         Berkeley 207.01,10.7,    METRE
         Berkeley 207.02,5.91,    METRE
         Berkeley 207.03,10.69,    METRE
         Berkeley 83-4022,0,    Panel
         Berkeley 83-4027,0,    Panel
         Berkeley 83-4040,6.85,    Panel
         Berkeley 83-4078,0,    Panel
         Berkeley 83-4086,6.85,    Panel
         Berkeley 83-4161,221,    Panel
         Berkeley 83-4163,0,    Panel
         Berkeley 84-5004,0,    Panel
         PT-AS5203,0,Rolls
         PT-AS5303,13,Rolls
         PT-AS5305,25,Rolls
         PT-AS5403,0,Rolls
         PT-AS5606,123,Rolls
         SG-LA2005,0,Rolls
         SG-LA2006,0,Rolls
         SG-LA5002,42,Rolls
         SG-LA5004,8,Rolls
         SG-SL2001,0,Rolls
         SG-SL3005,120,Rolls
         SG-SL3006,0,Rolls
         SG-SL7001,63,Rolls
         SG-SL7005,57,Rolls
         SP-AS1006,0,Rolls
         SP-AS4102,0,Rolls
         SP-AS4401,38,Rolls
         SP-AS4402,18,Rolls
         SP-AS4405,0,Rolls
         SP-AS5003,16,Rolls
         SP-AS5005,36,Rolls
         SP-AS5008,27,Rolls
         SP-AS6003,1,Rolls
         SP-AS6005,3,Rolls
         SP-AS6006,5,Rolls
         SP-AS7001,2,Rolls
         SP-AS7004,39,Rolls
         SP-LB6002,95,Rolls
         SP-LB6004,0,Rolls
         SP-LB6006,20,Rolls
         SP-LB6007,46,Rolls
         SP-ST5002,4,Rolls
         SP-ST5003,31,Rolls
         SP-VE5103,0,Rolls
         SP-VE5303,18,Rolls
         SP-VE5402,70,Rolls
         SP-VE5403,71,Rolls
         SP-VE5404,10,Rolls
         SP-VE5405,71,Rolls
         SP-VE5604,0,Rolls
         SP-VE5606,20,Rolls
         SP-VE5607,83,Rolls
         SP-VE6101,0,Rolls
         SP-VE6107,59,Rolls
         SP-VE6108,51,Rolls
         SP-VE6206,35,Rolls
         Beta 1101-1,105,Rolls
         Beta 1101-2,177,Rolls
         Beta 1101-3,99,Rolls
         Beta 1101-4,90,Rolls
         Beta 1101-5,70,Rolls
         Beta 1101-6,38,Rolls
         Beta 1101-7,52,Rolls
         Beta 1102-1,1,Rolls
         Beta 1102-2,0,Rolls
         Beta 1102-3,4,Rolls
         Beta 1102-4,42,Rolls
         Beta 1102-5,17,Rolls
         Beta 1102-6,0,Rolls
         Beta 1103-1,24,Rolls
         Beta 1103-2,36,Rolls
         Beta 1103-3,31,Rolls
         Beta 1103-4,29,Rolls
         Beta 1103-5,103,Rolls
         Beta 1103-6,19,Rolls
         Beta 1104-1,45,Rolls
         Beta 1104-2,52,Rolls
         Beta 1104-3,286,Rolls
         Beta 1104-4,107,Rolls
         Beta 1104-5,313,Rolls
         Beta 1104-6,87,Rolls
         Beta 1104-7,87,Rolls
         Beta 1104-8,126,Rolls
         Beta 1105-1,8,Rolls
         Beta 1105-2,9,Rolls
         Beta 1105-3,11,Rolls
         Beta 1105-4,4,Rolls
         Beta 1105-5,11,Rolls
         Beta 1105-6,30,Rolls
         Beta 1106-1,0,Rolls
         Beta 1106-2,11,Rolls
         Beta 1106-3,19,Rolls
         Beta 1106-4,15,Rolls
         Beta 1106-5,0,Rolls
         Beta 1106-6,0,Rolls
         Beta 1107-1,21,Rolls
         Beta 1107-2,39,Rolls
         Beta 1107-3,17,Rolls
         Beta 1107-4,39,Rolls
         Beta 1107-5,35,Rolls
         Beta 1108-1,58,Rolls
         Beta 1108-2,42,Rolls
         Beta 1108-3,9,Rolls
         Beta 1108-4,39,Rolls
         Beta 1108-5,55,Rolls
         Beta 1108-6,36,Rolls
         Beta 1109-1,79,Rolls
         Beta 1109-2,88,Rolls
         Beta 1109-3,21,Rolls
         Beta 1109-4,45,Rolls
         Beta 1110-1,72,Rolls
         Beta 1110-2,113,Rolls
         Beta 1110-3,74,Rolls
         Beta 1110-4,83,Rolls
         Beta 1110-5,50,Rolls
         Beta 1110-6,45,Rolls
         Beta 1110-7,57,Rolls
         Beta 1111-1,5,Rolls
         Beta 1111-2,27,Rolls
         Beta 1111-3,17,Rolls
         Beta 1111-4,41,Rolls
         Beta 1111-5,8,Rolls
         Beta 1112-1,257,Rolls
         Beta 1112-2,55,Rolls
         Beta 1112-3,198,Rolls
         Beta 1112-4,134,Rolls
         Beta 1112-5,170,Rolls
         Beta 1112-6,85,Rolls
         Beta 1112-7,124,Rolls
         Beta 1112-8,66,Rolls
         Beta 1113-1,32,Rolls
         Beta 1113-2,106,Rolls
         Beta 1113-3,155,Rolls
         Beta 1113-4,84,Rolls
         Beta 1113-5,31,Rolls
         Beta 1113-6,34,Rolls
         Beta 1113-7,35,Rolls
         Beta 1113-8,35,Rolls
         Beta 1113-9,21,Rolls
         Beta Catalog (Big),56,    Pcs.
         Beta Catalog (Small),91,    Pcs.
         PT-AS5505,47,Rolls
         PT-AS5607,33,Rolls
         PT-AS6205,26,Rolls
         PT-AS6404,40,Rolls
         PT-AS6608,20,Rolls
         PT-AS7101,20,Rolls
         PT-AS7404,46,Rolls
         PT-AS7507,40,Rolls
         PT-AS8104,43,Rolls
         PT-AS8201,30,Rolls
         PT-AS8303,58,Rolls
         PT-AS8305,43,Rolls
         PT-VE10204,53,Rolls
         PT-VE11702,27,Rolls
         PT-VE12804,44,Rolls
         PT-VE7303,39,Rolls
         PT-VE7806,26,Rolls
         PT-VE8205,34,Rolls
         PT-VE9201,27,Rolls
         PT-VE9403,28,Rolls
         PT-VE9503,41,Rolls
         PT-VE9603,45,Rolls
         PT-VE9608,22,Rolls
         SG-FA1008,27,Rolls
         SG-GG2005,30,Rolls
         SG-KR1203,29,Rolls
         SG-KR1204,17,Rolls
         SG-KR1403,49,Rolls
         SG-KR1501,8,Rolls
         SG-LA1001,16,Rolls
         SG-SL6005,53,Rolls
         SP-AR6003,32,Rolls
         SP-BS1001,56,Rolls
         SP-BS2004,11,Rolls
         SP-BS6009,27,Rolls
         SP-DG7010,57,Rolls
         SP-HA3001,38,Rolls
         SP-LB1004,24,Rolls
         SP-LB2007,25,Rolls
         SP-LB4001,1,Rolls
         SP-LB6008,53,Rolls
         SP-MT1002,26,Rolls
         SP-MT2002,40,Rolls
         SP-MT3003,50,Rolls
         SP-MT6008,41,Rolls
         SP-NL3001,38,Rolls
         SP-NL4005,42,Rolls
         SP-NL6006,35,Rolls
         SP-PV6001,48,Rolls
         SP-SF4001,21,Rolls
         SP-SP2011,58,Rolls
         SP-ST8010,29,Rolls
         SP-VE5304,28,Rolls
         Bumble Bee Roll F-MD10001,45,Rolls
         Bumble Bee Roll F-MD10002,22,Rolls
         Bumble Bee Roll F-MD10003,54,Rolls
         Bumble Bee Roll F-MD10004,52,Rolls
         Bumble Bee Roll F-MD1001A,0,Rolls
         Bumble Bee Roll F-MD1002A,0,Rolls
         Bumble Bee Roll F-MD11001,3,Rolls
         Bumble Bee Roll F-MD11002,9,Rolls
         Bumble Bee Roll F-MD11003,10,Rolls
         Bumble Bee Roll F-MD11004,0,Rolls
         Bumble Bee Roll F-MD11005,17,Rolls
         Bumble Bee Roll F-MD11006,21,Rolls
         Bumble Bee Roll F-MD11007,1,Rolls
         Bumble Bee Roll F-MD11008,59,Rolls
         Bumble Bee Roll F-MD11009,26,Rolls
         Bumble Bee Roll F-MD11010,27,Rolls
         Bumble Bee Roll F-MD11011,31,Rolls
         Bumble Bee Roll F-MD12001,22,Rolls
         Bumble Bee Roll F-MD12002,8,Rolls
         Bumble Bee Roll F-MD12003,21,Rolls
         Bumble Bee Roll F-MD12004,21,Rolls
         Bumble Bee Roll F-MD12005,7,Rolls
         Bumble Bee Roll F-MD12006,20,Rolls
         Bumble Bee Roll F-MD12007,14,Rolls
         Bumble Bee Roll F-MD12008,6,Rolls
         Bumble Bee Roll F-MD12009,6,Rolls
         Bumble Bee Roll F-MD12010,45,Rolls
         Bumble Bee Roll F-MD12011,10,Rolls
         Bumble Bee Roll F-MD12012,2,Rolls
         Bumble Bee Roll F-MD12013,10,Rolls
         Bumble Bee Roll F-MD13001,0,Rolls
         Bumble Bee Roll F-MD13002,9,Rolls
         Bumble Bee Roll F-MD13003,11,Rolls
         Bumble Bee Roll F-MD13004,41,Rolls
         Bumble Bee Roll F-MD13005,31,Rolls
         Bumble Bee Roll F-MD13006,41,Rolls
         Bumble Bee Roll F-MD2001,0,Rolls
         Bumble Bee Roll F-MD2002,3,Rolls
         Bumble Bee Roll F-MD3001,0,Rolls
         Bumble Bee Roll F-MD3003,3,Rolls
         Bumble Bee Roll F-MD4001,12,Rolls
         Bumble Bee Roll F-MD4002,9,Rolls
         Bumble Bee Roll F-MD4003,42,Rolls
         Bumble Bee Roll F-MD4004,0,Rolls
         Bumble Bee Roll F-MD5001,0,Rolls
         Bumble Bee Roll F-MD5002,0,Rolls
         Bumble Bee Roll F-MD5003,3,Rolls
         Bumble Bee Roll F-MD5004,2,Rolls
         Bumble Bee Roll F-MD6001,0,Rolls
         Bumble Bee Roll F-MD6002,15,Rolls
         Bumble Bee Roll F-MD6003,26,Rolls
         Bumble Bee Roll F-MD7001,4,Rolls
         Bumble Bee Roll F-MD7002,5,Rolls
         Bumble Bee Roll F-MD7003,0,Rolls
         Bumble Bee Roll F-MD7004,12,Rolls
         Bumble Bee Roll F-MD8001,0,Rolls
         Bumble Bee Roll F-MD8002,0,Rolls
         Bumble Bee Roll F-MD8003,18,Rolls
         Bumble Bee Roll F-MD8004,10,Rolls
         Bumble Bee Roll F-MD8005,51,Rolls
         Bumble Bee Roll F-MD9001,2,Rolls
         Bumble Bee Roll F-MD9002,53,Rolls
         Bumble Bee Roll F-MD9003,28,Rolls
         CHALK Wallpaper Catalogue,7,    Nos
         F-AE1002,47,Rolls
         F-AE4003,32,Rolls
         F-AE5003,44,Rolls
         F-AE6001,43,Rolls
         F-CA5001,31,Rolls
         F-CA5003,19,Rolls
         F-CA6002,47,Rolls
         F-DJ3001,40,Rolls
         F-EP4001,53,Rolls
         F-EP4002,32,Rolls
         F-EP4004,25,Rolls
         F-FE1001,44,Rolls
         F-FE1002,46,Rolls
         F-FE1003,42,Rolls
         F-FE2001,34,Rolls
         F-FE2003,27,Rolls
         F-FE3004,35,Rolls
         F-FE3006,30,Rolls
         F-FE4002,42,Rolls
         F-FE5001,54,Rolls
         F-FL1004,46,Rolls
         F-FL1005,36,Rolls
         F-FL2002,40,Rolls
         F-FL2004,36,Rolls
         F-FL3001,22,Rolls
         F-FL4003,57,Rolls
         F-FL5004,29,Rolls
         F-FV6003,58,Rolls
         F-KA5006,25,Rolls
         F-KA7003,26,Rolls
         F-MI2001,27,Rolls
         F-ST2001,41,Rolls
         F-ST5001,41,Rolls
         F-ST6001,50,Rolls
         F-TL1001,55,Rolls
         F-TL1003,54,Rolls
         F-TL1006,46,Rolls
         F-TL1301,57,Rolls
         F-TL2002,24,Rolls
         F-TL2004,28,Rolls
         F-TL3003,46,Rolls
         F-TL4001,21,Rolls
         F-TL4002,33,Rolls
         F-TL5001,43,Rolls
         F-TL5003,30,Rolls
         F-TL7001,48,Rolls
         F-TL7003,56,Rolls
         F-TL8001,29,Rolls
         F-TL9003,28,Rolls
         F-VA1001,38,Rolls
         F-VA3004,26,Rolls
         F-WH2003,21,Rolls
         F-WH4001,45,Rolls
         F-WH4005,45,Rolls
         BW-YH5001,25,Rolls
         CAS404,19,Rolls
         CAS407,39,Rolls
         CE-C-10,44,Rolls
         PT-AS6606,21,Rolls
         PT-AS7206,52,Rolls
         PT-AS7604,38,Rolls
         PT-AS7706,26,Rolls
         PT-AS8306,32,Rolls
         PT-AS8609,59,Rolls
         PT-VE10106,60,Rolls
         PT-VE12106,27,Rolls
         PT-VE12201,57,Rolls
         PT-VE12202,32,Rolls
         PT-VE12204,29,Rolls
         PT-VE12301,31,Rolls
         PT-VE12303,35,Rolls
         PT-VE12501,134,Rolls
         PT-VE12503,34,Rolls
         PT-VE12505,30,Rolls
         PT-VE7202,34,Rolls
         PT-VE8305,36,Rolls
         PT-VE9103,43,Rolls
         PT-VE9206,50,Rolls
         PT-VE9301,46,Rolls
         SCL-B-04,14,Rolls
         SG-FA1010,40,Rolls
         SG-FA2009,59,Rolls
         SG-FA3002,23,Rolls
         SG-GG3005,37,Rolls
         SG-GG4001,35,Rolls
         SG-GG5002,21,Rolls
         SG-KR1105,33,Rolls
         SG-SL4005,20,Rolls
         SME-J-05,23,Rolls
         SP-AR3001,50,Rolls
         SP-AR3003,57,Rolls
         SP-AR5002,42,Rolls
         SP-BS5005,29,Rolls
         SP-BS6006,32,Rolls
         SP-BS6008,42,Rolls
         SP-DG2003,49,Rolls
         SP-HA4002,50,Rolls
         SP-LB7005,52,Rolls
         SP-SF3001,45,Rolls
         SP-SF5008,53,Rolls
         SP-SF7002,28,Rolls
         SP-SP1001,26,Rolls
         SP-SP1003,53,Rolls
         SP-VE5306,27,Rolls
         SP-VE5406,34,Rolls
         SP-VE5506,28,Rolls
         DAZZLE Wallpaper Catalogue,10,    Nos
         F-BV5001,42,Rolls
         F-BV5003,25,Rolls
         F-BV5005,18,Rolls
         F-CA4001,38,Rolls
         F-EP5005,52,Rolls
         F-FG1005,54,Rolls
         F-IN6007,27,Rolls
         F-MI4004,18,Rolls
         F-MY8005,18,Rolls
         F-OR3002,50,Rolls
         F-OR3004,31,Rolls
         F-OR7001,42,Rolls
         F-OR7005,55,Rolls
         F-RE1006,15,Rolls
         F-RE1012,45,Rolls
         F-RE3002,31,Rolls
         F-RE3003,52,Rolls
         F-ST4002,13,Rolls
         F-ST7009,31,Rolls
         F-WH5004,52,Rolls
         F-WH7002,41,Rolls
         F-WH7004,23,Rolls
         F-WI6004,54,Rolls
         F-WI6007,0,Rolls
         F-WI7003,21,Rolls
         PT-AS10403,29,Rolls
         PT-AS10504,24,Rolls
         PT-AS10507,48,Rolls
         PT-AS9403,50,Rolls
         PT-AS9406,25,Rolls
         PT-VE13407,21,Rolls
         PT-VE13408,41,Rolls
         PT-VE13409,25,Rolls
         PT-VE13602,25,Rolls
         PT-VE14101,27,Rolls
         PT-VE14103,32,Rolls
         PT-VE14203,27,Rolls
         PT-VE14204,55,Rolls
         PT-VE14301,14,Rolls
         SP-IG3002,39,Rolls
         SP-IG4003,31,Rolls
         SP-IG4004,33,Rolls
         SP-IG5001,51,Rolls
         SP-IG5003,23,Rolls
         SP-SA3005,41,Rolls
         SP-SA4008,47,Rolls
         SP-SA5001,35,Rolls
         SP-SA5004,52,Rolls
         SP-SA6007,56,Rolls
         SP-SA6010,52,Rolls
         Dream Wallpaper Catalogue,9,    Nos
         F-AE1001,107,Rolls
         F-AE1003,65,Rolls
         F-AE1004,59,Rolls
         F-AE4001,93,Rolls
         F-AE4002,75,Rolls
         F-AE6004,72,Rolls
         F-AE6006,84,Rolls
         F-AE7002,103,Rolls
         F-AE7003,54,Rolls
         F-AE8005,66,Rolls
         F-BV1004,55,Rolls
         F-BV2001,78,Rolls
         F-CA1001,207,Rolls
         F-CA1002,93,Rolls
         F-CA1003,160,Rolls
         F-CA1004,120,Rolls
         F-CA6003,81,Rolls
         F-CA7005,68,Rolls
         F-CA7012,111,Rolls
         F-DJ5006,43,Rolls
         F-FE5003,54,Rolls
         F-FE7003,71,Rolls
         F-FL1003,109,Rolls
         F-FL1006,95,Rolls
         F-FL2001,115,Rolls
         F-FL2003,95,Rolls
         F-FL2006,154,Rolls
         F-FL3003,88,Rolls
         F-FL3004,79,Rolls
         F-FL4001,94,Rolls
         F-FL4005,55,Rolls
         F-FL5002,117,Rolls
         F-FL5005,72,Rolls
         F-FT2002,104,Rolls
         F-FT2004,159,Rolls
         F-FT4004,92,Rolls
         F-HM5003,96,Rolls
         F-KA4001,150,Rolls
         F-KA4002,52,Rolls
         F-KA4005,129,Rolls
         F-KA5004,102,Rolls
         F-KA6001,64,Rolls
         F-KA6002,77,Rolls
         F-KA6003,43,Rolls
         F-KA6004,105,Rolls
         F-KA7004,113,Rolls
         F-MI4001,121,Rolls
         F-OR2002,78,Rolls
         F-OR3001,63,Rolls
         F-OR8012,53,Rolls
         F-ST2002,97,Rolls
         F-ST2003,85,Rolls
         F-ST2004,92,Rolls
         F-ST2005,100,Rolls
         F-ST3005,131,Rolls
         F-ST5003,222,Rolls
         F-ST6004,95,Rolls
         F-TL2003,45,Rolls
         F-TL4004,78,Rolls
         F-TL6004,48,Rolls
         F-TL8002,115,Rolls
         F-TL8003,113,Rolls
         PT-AS10102,27,Rolls
         PT-AS10103,7,Rolls
         CE-A-01,33,Rolls
         CE-A-11,72,Rolls
         CE-B-03,59,Rolls
         PT-AS6405,79,Rolls
         PT-AS6406,127,Rolls
         PT-AS7103,75,Rolls
         PT-AS7201,68,Rolls
         PT-AS7402,1,Rolls
         PT-AS8302,0,Rolls
         PT-VE10202,41,Rolls
         PT-VE10203,74,Rolls
         PT-VE7401,55,Rolls
         PT-VE8105,38,Rolls
         PT-VE8303,83,Rolls
         PT-VE8402,22,Rolls
         PT-VE9307,66,Rolls
         PT-VE9404,81,Rolls
         PT-VE9505,50,Rolls
         PT-VE9609,93,Rolls
         SG-FA2005,36,Rolls
         SG-FA3006,73,Rolls
         SG-GG2001,0,Rolls
         SG-GG3001,0,Rolls
         SG-GG3004,78,Rolls
         SG-GG6001,56,Rolls
         SG-GG7002,89,Rolls
         SG-KR1502,0,Rolls
         SG-LA6003,43,Rolls
         SGR-A-01,41,Rolls
         SG-SL1002,31,Rolls
         SG-SL1003,30,Rolls
         SG-SL2003,0,Rolls
         SG-SL6004,80,Rolls
         SP-AR2001,62,Rolls
         SP-AR2003,42,Rolls
         SP-AR6002,0,Rolls
         SP-AR7006,58,Rolls
         SP-AS4004,39,Rolls
         SP-AS7006,73,Rolls
         SP-BS5004,62,Rolls
         SP-BS6010,71,Rolls
         SP-DG3003,60,Rolls
         SP-HA4004,74,Rolls
         SP-HA4005,52,Rolls
         SP-HA6004,43,Rolls
         SP-NL6007,47,Rolls
         SP-PV3003,15,Rolls
         SP-PV4002,39,Rolls
         SP-PV6002,59,Rolls
         SP-VE5505,69,Rolls
         SP-VE5605,65,Rolls
         Elie Saab Catalogue,0,    Pcs.
         Elie Saab Catalogue 12%,0,    Pcs.
         ELIE SAAB Z64801,0,Rolls
         ELIE SAAB Z64802,0,Rolls
         ELIE SAAB Z64803,0,Rolls
         ELIE SAAB Z64804,0,Rolls
         ELIE SAAB Z64805,0,Rolls
         ELIE SAAB Z64806,0,Rolls
         ELIE SAAB Z64807,0,Rolls
         ELIE SAAB Z64808,0,Rolls
         ELIE SAAB Z64809,0,Rolls
         ELIE SAAB Z64810,0,Rolls
         ELIE SAAB Z64811,0,Rolls
         ELIE SAAB Z64812,0,Rolls
         ELIE SAAB Z64813,0,Rolls
         ELIE SAAB Z64814,0,Rolls
         ELIE SAAB Z64815,0,Rolls
         ELIE SAAB Z64816,0,Rolls
         ELIE SAAB Z64817,0,Rolls
         ELIE SAAB Z64818,0,Rolls
         ELIE SAAB Z64819,0,Rolls
         ELIE SAAB Z64820,0,Rolls
         ELIE SAAB Z64821,0,Rolls
         ELIE SAAB Z64822,0,Rolls
         ELIE SAAB Z64823,0,Rolls
         ELIE SAAB Z64824,0,Rolls
         ELIE SAAB Z64825,0,Rolls
         ELIE SAAB Z64826,0,Rolls
         ELIE SAAB Z64827,0,Rolls
         ELIE SAAB Z64828,0,Rolls
         ELIE SAAB Z64829,0,Rolls
         ELIE SAAB Z64830,0,Rolls
         ELIE SAAB Z64831,0,Rolls
         ELIE SAAB Z64832,0,Rolls
         ELIE SAAB Z64833,0,Rolls
         ELIE SAAB Z64834,0,Rolls
         ELIE SAAB Z64835,0,Rolls
         ELIE SAAB Z64836,0,Rolls
         ELIE SAAB Z64837,0,Rolls
         ELIE SAAB Z64838,0,Rolls
         ELIE SAAB Z64839,0,Rolls
         ELIE SAAB Z64840,0,Rolls
         ELIE SAAB Z64841,0,Rolls
         ELIE SAAB Z64842,0,Rolls
         ELIE SAAB Z64843,0,Rolls
         ELIE SAAB Z64844,0,Rolls
         ELIE SAAB Z64845,0,Rolls
         ELIE SAAB Z64846,0,Rolls
         ELIE SAAB Z64847,0,Rolls
         ELIE SAAB Z64849,0,Rolls
         ELIE SAAB Z64850,0,Rolls
         ELIE SAAB Z64851,0,Rolls
         ELIE SAAB Z64852,0,Rolls
         ELIE SAAB Z64884,0,Rolls
         ELIE SAAB Z64885,0,Rolls
         ELIE SAAB Z64894,0,    Panel
         ELIE SAAB Z64895,0,    Panel
         EL3701,36,Rolls
         EL3703,123,Rolls
         EL3704,86,Rolls
         EL3705,118,Rolls
         EL3706,121,Rolls
         EL3711,0,Rolls
         EL3713,4,Rolls
         EL3715,13,Rolls
         EL3721,49,Rolls
         EL3722,64,Rolls
         EL3723,31,Rolls
         EL3724,96,Rolls
         EL3726,121,Rolls
         EL3731,49,Rolls
         EL3732,99,Rolls
         EL3733,108,Rolls
         EL3734,63,Rolls
         EL3736,100,Rolls
         EL3738,130,Rolls
         EL3741,58,Rolls
         EL3744,62,Rolls
         EL3745,84,Rolls
         EL3746,108,Rolls
         EL3748,116,Rolls
         EL3751,12,Rolls
         EL3752,1,Rolls
         EL3755,0,Rolls
         EL3757,0,Rolls
         EL3758,14,Rolls
         EL3762,0,Rolls
         EL3765,5,Rolls
         EL3766,14,Rolls
         EL3767,0,Rolls
         EL3768,20,Rolls
         EL3772,16,Rolls
         EL3773,6,Rolls
         EL3776,32,Rolls
         EL3777,23,Rolls
         EL3782,40,Rolls
         EL3784,110,Rolls
         EL3786,117,Rolls
         EL3788,120,Rolls
         EL3793,0,Rolls
         EL3794,2,Rolls
         EL3806,10,Rolls
         EL3808,49,Rolls
         Enigma EN-1001,112,Rolls
         Enigma EN-1002,263,Rolls
         Enigma EN-1003,128,Rolls
         Enigma EN-1004,107,Rolls
         Enigma EN-1005,163,Rolls
         Enigma EN-1006,69,Rolls
         Enigma EN-1007,2,Rolls
         Enigma EN-1008,53,Rolls
         Enigma EN-1009,120,Rolls
         Enigma EN-1010,40,Rolls
         Enigma EN-1011,113,Rolls
         Enigma EN-1012,122,Rolls
         Enigma EN-1013,166,Rolls
         Enigma EN-1014,69,Rolls
         Enigma EN-1015,85,Rolls
         Enigma EN-1016,22,Rolls
         Enigma EN-1017,34,Rolls
         Enigma EN-1018,47,Rolls
         Enigma EN-1019,46,Rolls
         Enigma EN-1020,141,Rolls
         Enigma EN-1021,47,Rolls
         Enigma EN-1022,66,Rolls
         Enigma EN-1023,184,Rolls
         Enigma EN-1024,78,Rolls
         Enigma EN-1025,208,Rolls
         Enigma EN-1026,125,Rolls
         Enigma EN-1027,64,Rolls
         Enigma EN-1028,223,Rolls
         Enigma EN-1029,64,Rolls
         Enigma EN-1030,21,Rolls
         Enigma EN-1031,0,Rolls
         Enigma EN-1032,0,Rolls
         Enigma EN-1033,0,Rolls
         Enigma EN-1034,337,Rolls
         Enigma EN-1035,42,Rolls
         Enigma EN-1036,86,Rolls
         Enigma EN-1037,234,Rolls
         Enigma EN-1038,71,Rolls
         Enigma EN-1039,272,Rolls
         Enigma EN-1040,198,Rolls
         Enigma EN-1041,133,Rolls
         Enigma EN-1042,58,Rolls
         Enigma EN-1043,194,Rolls
         Enigma EN-1044,65,Rolls
         Enigma EN-1045,25,Rolls
         Enigma EN-1046,91,Rolls
         Enigma EN-1047,19,Rolls
         Enigma EN-1048,114,Rolls
         Enigma EN-1049,61,Rolls
         Enigma EN-1050,107,Rolls
         Enigma EN-1051,62,Rolls
         Enigma EN-1052,92,Rolls
         Enigma EN-1053,82,Rolls
         CE-A-02,59,Rolls
         CE-A-05,125,Rolls
         CE-C-08,64,Rolls
         PT-AS6203,130,Rolls
         PT-AS8106,49,Rolls
         PT-AS8405,62,Rolls
         PT-VE10301,59,Rolls
         PT-VE10505,107,Rolls
         PT-VE11402,76,Rolls
         PT-VE11607,70,Rolls
         PT-VE11705,78,Rolls
         PT-VE12403,151,Rolls
         PT-VE12703,72,Rolls
         PT-VE7304,114,Rolls
         PT-VE8107,63,Rolls
         PT-VE9303,37,Rolls
         PT-VE9611,97,Rolls
         SG-GG2003,77,Rolls
         SG-GG6002,150,Rolls
         SG-GG8002,126,Rolls
         SG-LA6006,57,Rolls
         SG-SL1006,89,Rolls
         SIP-D-13,97,Rolls
         SP-AN3005,77,Rolls
         SP-AN5005,86,Rolls
         SP-AN6008,20,Rolls
         SP-AR2005,57,Rolls
         SP-AR7009,59,Rolls
         SP-BE8001,91,Rolls
         SP-BS3002,95,Rolls
         SP-BS4002,103,Rolls
         SP-HA1003,33,Rolls
         SP-LB1001,46,Rolls
         SP-LB7007,69,Rolls
         SP-MT2006,30,Rolls
         SP-MT3002,67,Rolls
         SP-MT5005,83,Rolls
         SP-MT5007,64,Rolls
         SP-NL1002,41,Rolls
         SP-NL6005,73,Rolls
         SP-PV4005,95,Rolls
         SP-SF1002,60,Rolls
         SP-SF2001,61,Rolls
         SP-SF2003,84,Rolls
         SP-SF4002,63,Rolls
         SP-SF4003,77,Rolls
         SP-SF7006,55,Rolls
         SP-SP1005,19,Rolls
         SP-SP1015,70,Rolls
         SP-VE6204,140,Rolls
         SP-VE6205,97,Rolls
         SSA-C-07,59,Rolls
         SWD-E-02,37,Rolls
         SWD-E-03,68,Rolls
         F-AE7001,39,Rolls
         F-AE7004,34,Rolls
         F-BV2003,34,Rolls
         F-BV6003,50,Rolls
         F-DJ5003,25,Rolls
         F-FE7002,53,Rolls
         F-FL6006,43,Rolls
         F-FT2001,39,Rolls
         F-FT2005,30,Rolls
         F-FT3001,48,Rolls
         F-FT3002,35,Rolls
         F-FT4002,59,Rolls
         F-FT4003,44,Rolls
         F-GA2001,24,Rolls
         F-GA2002,39,Rolls
         F-GA2006,30,Rolls
         F-HM2001,51,Rolls
         F-HM3001,19,Rolls
         F-HM3005,57,Rolls
         F-IN7009,35,Rolls
         F-KA1003,20,Rolls
         F-KA8003,20,Rolls
         FLORA FANTASY Wallpaper Catalogue,11,    Nos
         F-MA2007,8,Rolls
         F-MI1001,21,Rolls
         F-MI1003,34,Rolls
         F-OR2003,41,Rolls
         F-OR2004,23,Rolls
         F-OR8004,34,Rolls
         F-RE1002,87,Rolls
         F-RE4001,28,Rolls
         F-RE4009,22,Rolls
         F-ST1002,39,Rolls
         F-ST7006,48,Rolls
         F-SY3002,54,Rolls
         F-SY4003,14,Rolls
         F-SY6008,33,Rolls
         F-WH1004,39,Rolls
         PT-AS10101,23,Rolls
         PT-AS10106,34,Rolls
         PT-AS10202,26,Rolls
         PT-AS10203,46,Rolls
         PT-AS10206,49,Rolls
         PT-AS10503,44,Rolls
         PT-AS9102,21,Rolls
         PT-AS9103,28,Rolls
         PT-AS9201,46,Rolls
         PT-AS9202,24,Rolls
         PT-AS9203,31,Rolls
         PT-AS9608,47,Rolls
         PT-AS9611,37,Rolls
         PT-VE13605,28,Rolls
         PT-VE14604,49,Rolls
         PT-VE14702,26,Rolls
         SP-IG6001,34,Rolls
         SP-SA1005,47,Rolls
         SP-WG1004,46,Rolls
         F-DH6001,49,Rolls
         F-DH6003,19,Rolls
         F-DH6005,51,Rolls
         F-DH8001,21,Rolls
         F-DH8002,26,Rolls
         F-DH8004,44,Rolls
         F-DH8007,37,Rolls
         F-DH8008,37,Rolls
         F-DH8010,29,Rolls
         F-FG2003,36,Rolls
         F-FG3004,57,Rolls
         F-FG3006,36,Rolls
         F-FG3007,51,Rolls
         F-FG4002,37,Rolls
         F-FG8013,31,Rolls
         F-FL6010,24,Rolls
         F-FT7005,53,Rolls
         F-FV1003,52,Rolls
         F-FV2001,43,Rolls
         F-FV2010,49,Rolls
         F-FV2011,35,Rolls
         F-FV3001,50,Rolls
         F-FV3004,42,Rolls
         F-FV4001,23,Rolls
         F-FV4002,45,Rolls
         F-FV4003,52,Rolls
         F-HM8004,48,Rolls
         F-HM8009,15,Rolls
         F-IN5008,33,Rolls
         F-MA3004,47,Rolls
         F-MY3002,53,Rolls
         F-MY3003,41,Rolls
         F-MY3005,4,Rolls
         F-MY4001,29,Rolls
         F-MY4003,20,Rolls
         F-MY4004,30,Rolls
         F-MY4006,44,Rolls
         F-MY6003B,45,Rolls
         F-MY8007,29,Rolls
         F-OR4002,51,Rolls
         FOREST FRIENDS Wallpaper Catalogue,8,    Nos
         F-RE2009,35,Rolls
         F-RE4006,42,Rolls
         F-ST8004,36,Rolls
         F-VA4007,25,Rolls
         PT-AS10607,51,Rolls
         PT-AS9501,18,Rolls
         PT-AS9502,28,Rolls
         PT-AS9506,18,Rolls
         PT-VE13607,40,Rolls
         PT-VE14606,45,Rolls
         SP-SA2003,41,Rolls
         SP-SA2006,33,Rolls
         Garden Wallpaper Roll SP-WG1001,1,Rolls
         Garden Wallpaper Roll SP-WG1002,0,Rolls
         Garden Wallpaper Roll SP-WG1003,0,Rolls
         Garden Wallpaper Roll SP-WG1004,2,Rolls
         Garden Wallpaper Roll SP-WG1005,0,Rolls
         Garden Wallpaper Roll SP-WG2001,29,Rolls
         Garden Wallpaper Roll SP-WG2002,1,Rolls
         Garden Wallpaper Roll SP-WG2003,5,Rolls
         Garden Wallpaper Roll SP-WG3001,0,Rolls
         Garden Wallpaper Roll SP-WG3002,6,Rolls
         Garden Wallpaper Roll SP-WG3003,0,Rolls
         Garden Wallpaper Roll SP-WG3004,0,Rolls
         Garden Wallpaper Roll SP-WG3005,40,Rolls
         Garden Wallpaper Roll SP-WG4001,1,Rolls
         Garden Wallpaper Roll SP-WG4002,28,Rolls
         Garden Wallpaper Roll SP-WG4003,2,Rolls
         Garden Wallpaper Roll SP-WG4004,46,Rolls
         Garden Wallpaper Roll SP-WG4005,39,Rolls
         Garden Wallpaper Roll SP-WG4006,52,Rolls
         Garden Wallpaper Roll SP-WG4007,54,Rolls
         Garden Wallpaper Roll SP-WG5001,0,Rolls
         Garden Wallpaper Roll SP-WG5002,0,Rolls
         Garden Wallpaper Roll SP-WG5003,0,Rolls
         Garden Wallpaper Roll SP-WG5004,38,Rolls
         Garden Wallpaper Roll SP-WG5005,14,Rolls
         Garden Wallpaper Roll SP-WG6001,37,Rolls
         Garden Wallpaper Roll SP-WG6002,0,Rolls
         Garden Wallpaper Roll SP-WG6003,15,Rolls
         Garden Wallpaper Roll SP-WG6004,10,Rolls
         Garden Wallpaper Roll SP-WG6005,0,Rolls
         Garden Wallpaper Roll SP-WG6006,49,Rolls
         Garden Wallpaper Roll SP-WG6007,30,Rolls
         Garden Wallpaper Roll SP-WG6008,25,Rolls
         Garden Wallpaper Roll SP-WG6009,36,Rolls
         Garden Wallpaper Roll SP-WG6010,12,Rolls
         Golden Dynasty Roll-2920101,0,Rolls
         Golden Dynasty Roll-2920102,0,Rolls
         Golden Dynasty Roll-2920103,3,Rolls
         Golden Dynasty Roll-2920104,4,Rolls
         Golden Dynasty Roll-2920105,4,Rolls
         Golden Dynasty Roll-2920106,3,Rolls
         Golden Dynasty Roll-2920201,45,Rolls
         Golden Dynasty Roll-2920202,3,Rolls
         Golden Dynasty Roll-2920203,21,Rolls
         Golden Dynasty Roll-2920301,50,Rolls
         Golden Dynasty Roll-2920302,7,Rolls
         Golden Dynasty Roll-2920303,17,Rolls
         Golden Dynasty Roll-2920304,17,Rolls
         Golden Dynasty Roll-2920305,49,Rolls
         Golden Dynasty Roll-2920401,17,Rolls
         Golden Dynasty Roll-2920402,141,Rolls
         Golden Dynasty Roll-2920403,0,Rolls
         Golden Dynasty Roll-2920404,70,Rolls
         Golden Dynasty Roll-2920405,32,Rolls
         Golden Dynasty Roll-2920406,54,Rolls
         Golden Dynasty Roll-292045,2,Rolls
         Golden Dynasty Roll-2920501,27,Rolls
         Golden Dynasty Roll-2920502,2,Rolls
         Golden Dynasty Roll-2920601,37,Rolls
         Golden Dynasty Roll-2920602,15,Rolls
         Golden Dynasty Roll-2920603,25,Rolls
         Golden Dynasty Roll-2920604,9,Rolls
         Golden Dynasty Roll-2920605,20,Rolls
         Golden Dynasty Roll-2920701,30,Rolls
         Golden Dynasty Roll-2920702,5,Rolls
         Golden Dynasty Roll-2920703,62,Rolls
         Golden Dynasty Roll-2920704,58,Rolls
         Golden Dynasty Roll-2920705,138,Rolls
         Golden Dynasty Roll-2920801,26,Rolls
         Golden Dynasty Roll-2920802,9,Rolls
         Golden Dynasty Roll-2920803,1,Rolls
         Golden Dynasty Roll-2920901,28,Rolls
         Golden Dynasty Roll-2920902,42,Rolls
         Golden Dynasty Roll-2920903,28,Rolls
         Golden Dynasty Roll-2920904,40,Rolls
         Golden Dynasty Roll-2920905,1,Rolls
         Golden Dynasty Roll-2921001,32,Rolls
         Golden Dynasty Roll-2921002,9,Rolls
         Golden Dynasty Roll-2921003,220,Rolls
         Golden Dynasty Roll-2921004,56,Rolls
         Golden Dynasty Roll-2921005,39,Rolls
         Golden Dynasty Roll-2921006,20,Rolls
         Golden Dynasty Roll-2921007,234,Rolls
         Golden Dynasty Roll-2921101,24,Rolls
         Golden Dynasty Roll-2921102,144,Rolls
         Golden Dynasty Roll-2921103,53,Rolls
         Golden Dynasty Roll-2921104,9,Rolls
         Golden Dynasty Roll-2921105,61,Rolls
         Golden Dynasty Roll-2921106,24,Rolls
         Golden Dynasty Roll-2921107,28,Rolls
         Golden Dynasty Roll-2921201,34,Rolls
         Golden Dynasty Roll-2921202,69,Rolls
         Golden Dynasty Roll-2921203,9,Rolls
         Golden Dynasty Roll-2921204,44,Rolls
         Golden Dynasty Roll-2921205,108,Rolls
         Golden Dynasty Roll-2921206,46,Rolls
         Golden Dynasty Roll-2921301,0,Rolls
         Golden Dynasty Roll-2921302,49,Rolls
         Golden Dynasty Roll-2921303,23,Rolls
         Golden Dynasty Roll-2921304,29,Rolls
         Golden Dynasty Roll-2921401,119,Rolls
         Golden Dynasty Roll-2921402,59,Rolls
         Golden Dynasty Roll-2921403,52,Rolls
         Golden Dynasty Roll-2921404,67,Rolls
         Golden Dynasty Roll-2921501,1,Rolls
         Golden Dynasty Roll-2921502,37,Rolls
         Golden Dynasty Roll-2921503,2,Rolls
         Golden Dynasty Roll-2921504,67,Rolls
         Golden Dynasty Roll-2921505,0,Rolls
         Golden Dynasty Roll-2921601,31,Rolls
         Golden Dynasty Roll-2921602,84,Rolls
         Golden Dynasty Roll-2921603,57,Rolls
         Golden Dynasty Roll-2921604,1,Rolls
         Golden Dynasty Roll-2921605,18,Rolls
         Golden Dynasty Roll-2921606,118,Rolls
         Golden Dynasty Roll-2921607,0,Rolls
         CAS402,15,Rolls
         PT-AS5407,22,Rolls
         PT-AS5603,10,Rolls
         PT-AS6202,59,Rolls
         PT-AS7102,59,Rolls
         PT-AS7502,2,Rolls
         PT-AS8101,17,Rolls
         PT-AS8105,43,Rolls
         PT-AS8205,44,Rolls
         PT-AS8505,49,Rolls
         PT-VE10102,59,Rolls
         PT-VE10303,21,Rolls
         PT-VE10501,8,Rolls
         PT-VE107011,58,Rolls
         PT-VE11302,25,Rolls
         PT-VE11401,22,Rolls
         PT-VE11609,23,Rolls
         PT-VE12102,30,Rolls
         PT-VE7205,53,Rolls
         PT-VE7605,46,Rolls
         PT-VE8206,23,Rolls
         PT-VE8306,25,Rolls
         PT-VE8703,33,Rolls
         PT-VE9606,20,Rolls
         SG-FA2002,21,Rolls
         SG-KR1201,42,Rolls
         SP-AR2002,32,Rolls
         SP-AR2004,56,Rolls
         SP-AR6004,17,Rolls
         SP-BS6003,34,Rolls
         SP-BS6011,55,Rolls
         SP-DG3001,38,Rolls
         SP-DG3004,52,Rolls
         SP-LB5001,39,Rolls
         SP-LB6003,53,Rolls
         SP-MT3001,55,Rolls
         SP-MT4001,29,Rolls
         SP-MT4002,18,Rolls
         SP-NL3005,56,Rolls
         SP-NL4003,26,Rolls
         SP-NL4004,27,Rolls
         SP-NL4006,25,Rolls
         SP-NL4008,21,Rolls
         SP-NL5004,25,Rolls
         SP-NL5006,38,Rolls
         SP-PV4004,28,Rolls
         SP-PV5003,28,Rolls
         SP-PV8002,26,Rolls
         SP-PV8005,50,Rolls
         SP-SP1004,6,Rolls
         SP-SP2002,14,Rolls
         SP-VE6103,1,Rolls
         SVE-35-01,19,Rolls
         F-BV8004,54,Rolls
         F-CA7007,37,Rolls
         F-DJ6001,31,Rolls
         F-EP2001,36,Rolls
         F-EP2002,34,Rolls
         F-EP2004,36,Rolls
         F-EP2006,41,Rolls
         F-EP3001,43,Rolls
         F-EP3003,35,Rolls
         F-FE6002,33,Rolls
         F-FG5010,23,Rolls
         F-FT6006,16,Rolls
         F-GA1003,39,Rolls
         F-GA1005,34,Rolls
         F-GA3009,45,Rolls
         F-GA4003,54,Rolls
         F-GA4007,37,Rolls
         F-KA2001,50,Rolls
         F-KA2004,28,Rolls
         F-KA2005,43,Rolls
         F-MI7001,31,Rolls
         F-MI7002,49,Rolls
         F-MY6002A,28,Rolls
         F-RE1008,47,Rolls
         F-RE2003,56,Rolls
         F-ST7001,19,Rolls
         F-ST7007,43,Rolls
         F-ST7010,28,Rolls
         F-VA4006,28,Rolls
         F-VA5001,43,Rolls
         F-VA5002,36,Rolls
         F-VA6005,37,Rolls
         F-WH3009,55,Rolls
         F-WI1002,29,Rolls
         F-WI3001,22,Rolls
         F-WI3002,39,Rolls
         F-WI3007,51,Rolls
         F-WI5001,44,Rolls
         F-WI5003,43,Rolls
         F-WI6008,49,Rolls
         LOFT Wallpaper Catalogue,0,    Nos
         PT-AS10606,41,Rolls
         PT-AS9304,51,Rolls
         PT-VE13101,50,Rolls
         PT-VE13503,49,Rolls
         PT-VE13601,20,Rolls
         PT-VE14503,27,Rolls
         PT-VE14608,19,Rolls
         SP-SA6003,23,Rolls
         SP-WG2003,43,Rolls
         SP-WG3001,45,Rolls
         SP-WG6005,53,Rolls
         SP-WG6006,43,Rolls
         F-BV5002,61,Rolls
         F-BV5004,50,Rolls
         F-BV7007,71,Rolls
         F-CA4002,50,Rolls
         F-CA4003,93,Rolls
         F-CA5002,36,Rolls
         F-CA7004,64,Rolls
         F-CA7013,52,Rolls
         F-FG1006,81,Rolls
         F-FG7001,69,Rolls
         F-FG7010,46,Rolls
         F-FT6007,54,Rolls
         F-FV6011,85,Rolls
         F-FV6013,51,Rolls
         F-GA2003,42,Rolls
         F-GA2007,74,Rolls
         F-GA3006,67,Rolls
         F-HM4002,53,Rolls
         F-HM4005,54,Rolls
         F-IN3001,206,Rolls
         F-IN3002,165,Rolls
         F-IN3003,120,Rolls
         F-IN6004,61,Rolls
         F-IN6008,89,Rolls
         F-MA2011,79,Rolls
         F-MI4002,63,Rolls
         F-MI4005,63,Rolls
         F-MI5007,88,Rolls
         F-MI8002,104,Rolls
         F-MY1004,77,Rolls
         F-MY7005,53,Rolls
         F-OR4003,58,Rolls
         F-OR4004,48,Rolls
         F-OR8007,64,Rolls
         F-RE2010,64,Rolls
         F-RE3004,37,Rolls
         F-RE3005,57,Rolls
         F-RE3008,80,Rolls
         F-ST7002,51,Rolls
         F-ST8003,99,Rolls
         F-SY4005,83,Rolls
         F-SY6005,59,Rolls
         F-WI4003,49,Rolls
         F-WI4007,63,Rolls
         F-WI6003,54,Rolls
         Mega City Wallpaper Catalogue,16,    Nos
         PT-AS9402,42,Rolls
         PT-VE14401,12,Rolls
         PT-VE14404,57,Rolls
         PT-VE14607,69,Rolls
         PT-VE14701,53,Rolls
         SP-IG2003,48,Rolls
         SP-IG2004,83,Rolls
         SP-IG3003,73,Rolls
         SP-IG3004,63,Rolls
         SP-IG4001,24,Rolls
         SP-IG5004,65,Rolls
         SP-IG7008,72,Rolls
         SP-SA1001,52,Rolls
         SP-SA1002,31,Rolls
         SP-SA1003,75,Rolls
         SP-SA2002,48,Rolls
         SP-SA2005,81,Rolls
         SP-SA2007,51,Rolls
         Mineral Wallpaper Roll-30101,19,Rolls
         Mineral Wallpaper Roll-30102,1,Rolls
         Mineral Wallpaper Roll-30103,20,Rolls
         Mineral Wallpaper Roll-30104,34,Rolls
         Mineral Wallpaper Roll-30105,21,Rolls
         Mineral Wallpaper Roll-30201,56,Rolls
         Mineral Wallpaper Roll-30202,50,Rolls
         Mineral Wallpaper Roll-30203,27,Rolls
         Mineral Wallpaper Roll-30204,55,Rolls
         Mineral Wallpaper Roll-30205,29,Rolls
         Mineral Wallpaper Roll-30501,18,Rolls
         Mineral Wallpaper Roll-30502,0,Rolls
         Mineral Wallpaper Roll-30503,42,Rolls
         Mineral Wallpaper Roll-30504,58,Rolls
         Mineral Wallpaper Roll-30505,50,Rolls
         Mineral Wallpaper Roll-30506,31,Rolls
         Mineral Wallpaper Roll-30601,48,Rolls
         Mineral Wallpaper Roll-30602,4,Rolls
         Mineral Wallpaper Roll-30603,20,Rolls
         Mineral Wallpaper Roll-30604,11,Rolls
         Mineral Wallpaper Roll-30605,0,Rolls
         Mineral Wallpaper Roll-30606,2,Rolls
         Mineral Wallpaper Roll-30607,0,Rolls
         Mineral Wallpaper Roll-31301,15,Rolls
         Mineral Wallpaper Roll-31302,0,Rolls
         Mineral Wallpaper Roll-31303,1,Rolls
         Mineral Wallpaper Roll-31304,0,Rolls
         Mineral Wallpaper Roll-31305,37,Rolls
         Mineral Wallpaper Roll-31402,0,Rolls
         Mineral Wallpaper Roll-31404,25,Rolls
         Mineral Wallpaper Roll-31405,15,Rolls
         Mineral Wallpaper Roll-31406,0,Rolls
         Mineral-Catalogue,0,    Pcs.
         F-BV7005,47,Rolls
         F-BV8001,23,Rolls
         F-CA7003,39,Rolls
         F-DJ6005,31,Rolls
         F-FG5005,48,Rolls
         F-FG8009,36,Rolls
         F-FL6004,41,Rolls
         F-FL6005,31,Rolls
         F-FT7003,27,Rolls
         F-GA4011,22,Rolls
         F-HM6006GB,31,Rolls
         F-IN5003,47,Rolls
         F-IN6006,58,Rolls
         F-MA1002,53,Rolls
         F-MA1003,47,Rolls
         F-MA2003,43,Rolls
         F-MA2005,37,Rolls
         F-MA2010,54,Rolls
         F-MI8003,47,Rolls
         F-MY1001,27,Rolls
         F-MY1003,27,Rolls
         F-MY1005,20,Rolls
         F-MY1006,31,Rolls
         F-MY1007,53,Rolls
         F-MY2002,39,Rolls
         F-MY2004,23,Rolls
         F-MY2006,45,Rolls
         F-MY2008,43,Rolls
         F-MY2010,21,Rolls
         F-MY5001,45,Rolls
         F-MY5003,28,Rolls
         F-MY6002B,31,Rolls
         F-MY6006A,27,Rolls
         F-MY7002,20,Rolls
         F-MY7004,34,Rolls
         F-MY7007,41,Rolls
         F-OR8006,30,Rolls
         F-RE2006,29,Rolls
         F-SY5008,48,Rolls
         F-SY6002,21,Rolls
         F-SY6006,36,Rolls
         F-SY6007,29,Rolls
         F-VA4005,51,Rolls
         F-VA4009,31,Rolls
         MYSTRY Wallpaper Catalogue,19,    Nos
         PT-AS10605,43,Rolls
         PT-VE13502,26,Rolls
         PT-VE14707,55,Rolls
         SP-SA6004,27,Rolls
         SP-WG6001,66,Rolls
         SP-WG6007,33,Rolls
         F-BV6004,95,Rolls
         F-BV6005,52,Rolls
         F-BV7006,93,Rolls
         F-CA7011,92,Rolls
         F-DH7006,101,Rolls
         F-DH8009,119,Rolls
         F-FE7006,18,Rolls
         F-FG3001,53,Rolls
         F-FG3003,53,Rolls
         F-FG3005,59,Rolls
         F-FG3008,66,Rolls
         F-FG4001,45,Rolls
         F-FG8011,51,Rolls
         F-FT5001,48,Rolls
         F-FT5002,62,Rolls
         F-FT5003,61,Rolls
         F-FT5004,61,Rolls
         F-FT5005,87,Rolls
         F-FV1002,40,Rolls
         F-FV2002,77,Rolls
         F-FV2003,77,Rolls
         F-FV2004,56,Rolls
         F-FV2009,66,Rolls
         F-FV5003,61,Rolls
         F-GA3007,71,Rolls
         F-GA3008,66,Rolls
         F-GA4006,71,Rolls
         F-HM4003,59,Rolls
         F-HM4004,31,Rolls
         F-HM8003,11,Rolls
         F-HM8006,63,Rolls
         F-IN5004,109,Rolls
         F-MA2009,81,Rolls
         F-MY2005,52,Rolls
         F-MY3004,119,Rolls
         F-MY3006,82,Rolls
         F-MY4002,60,Rolls
         F-MY4005,49,Rolls
         F-MY4007,70,Rolls
         F-MY5002,142,Rolls
         F-MY5006,96,Rolls
         F-MY7003,66,Rolls
         F-MY7006,43,Rolls
         F-MY7010,57,Rolls
         F-RE1010,23,Rolls
         F-ST7011,104,Rolls
         FT-VE14706,0,Rolls
         F-VA4008,98,Rolls
         Natural Elements Wallpaper Catalogue,5,    Nos
         PT-VE13506,54,Rolls
         PT-VE13604,47,Rolls
         PT-VE14302,57,Rolls
         PT-VE14305,84,Rolls
         PT-VE14403,0,Rolls
         PT-VE14605,74,Rolls
         SP-IG6002,32,Rolls
         SP-IG6005,73,Rolls
         SP-IG6006,54,Rolls
         SP-IG7012,66,Rolls
         SP-SA5002,78,Rolls
         SP-SA5003,102,Rolls
         Nature 2 Wallpaper Roll 160512,22,Rolls
         Nature 2 Wallpaper Roll 160514,52,Rolls
         Nature 2 Wallpaper Roll 160515,5,Rolls
         Nature 2 Wallpaper Roll 160516,18,Rolls
         Nature 2 Wallpaper Roll 160551,91,Rolls
         Nature 2 Wallpaper Roll 160552,50,Rolls
         Nature 2 Wallpaper Roll 160553,37,Rolls
         Nature 2 Wallpaper Roll 160661,35,Rolls
         Nature 2 Wallpaper Roll 160662,20,Rolls
         Nature 2 Wallpaper Roll 160663,2,Rolls
         Nature 2 Wallpaper Roll 160664,0,Rolls
         Nature 2 Wallpaper Roll 160666,26,Rolls
         Nature 2 Wallpaper Roll 160667,4,Rolls
         Nature 2 Wallpaper Roll 193101,3,Rolls
         Nature 2 Wallpaper Roll 193102,0,Rolls
         Nature 2 Wallpaper Roll 193103,17,Rolls
         Nature 2 Wallpaper Roll 193104,23,Rolls
         Nature 2 Wallpaper Roll 193211,3,Rolls
         Nature 2 Wallpaper Roll 193212,1,Rolls
         Nature 2 Wallpaper Roll 193213,1,Rolls
         Nature 2 Wallpaper Roll 193214,0,Rolls
         Nature 2 Wallpaper Roll 193215,0,Rolls
         Nature 2 Wallpaper Roll 193216,3,Rolls
         Nature 2 Wallpaper Roll 193217,0,Rolls
         Nature 2 Wallpaper Roll 193311,21,Rolls
         Nature 2 Wallpaper Roll 193312,1,Rolls
         Nature 2 Wallpaper Roll 193313,1,Rolls
         Nature 2 Wallpaper Roll 193411,75,Rolls
         Nature 2 Wallpaper Roll 193412,0,Rolls
         Nature 2 Wallpaper Roll 193414,1,Rolls
         Nature 2 Wallpaper Roll 193502,0,Rolls
         Nature 2 Wallpaper Roll 193503,6,Rolls
         Nature 2 Wallpaper Roll 193504,5,Rolls
         Nature 2 Wallpaper Roll 193505,0,Rolls
         Nature 2 Wallpaper Roll 193507,60,Rolls
         Nature 2 Wallpaper Roll 193508,60,Rolls
         Nature 2 Wallpaper Roll 193511,0,Rolls
         Nature 2 Wallpaper Roll 193512,0,Rolls
         Nature 2 Wallpaper Roll 193513,3,Rolls
         Nature 2 Wallpaper Roll 193514,2,Rolls
         Nature 2 Wallpaper Roll 193611,0,Rolls
         Nature 2 Wallpaper Roll 193612,1,Rolls
         Nature 2 Wallpaper Roll 193613,0,Rolls
         Nature 2 Wallpaper Roll 193615,0,Rolls
         Nature 2 Wallpaper Roll 193711,23,Rolls
         Nature 2 Wallpaper Roll 193712,0,Rolls
         Nature 2 Wallpaper Roll 193714,11,Rolls
         Nature 2 Wallpaper Roll 193715,4,Rolls
         Nature 2 Wallpaper Roll 193811,25,Rolls
         Nature 2 Wallpaper Roll 193812,0,Rolls
         Nature 2 Wallpaper Roll 193813,0,Rolls
         Nature 2 Wallpaper Roll 193814,0,Rolls
         Nature 2 Wallpaper Roll 193815,2,Rolls
         NR-101,89,Rolls
         NR-102,31,Rolls
         NR-103,23,Rolls
         NR-104,81,Rolls
         NR-105,41,Rolls
         NR-106,87,Rolls
         NR-107,0,Rolls
         NR-108,87,Rolls
         NR-109,34,Rolls
         NR-110,52,Rolls
         NR-111,102,Rolls
         NR-112,52,Rolls
         NR-113,89,Rolls
         NR-114,42,Rolls
         NR-115,119,Rolls
         NR-116,78,Rolls
         NR-117,33,Rolls
         NR-118,74,Rolls
         NR-119,4,Rolls
         NR-120,0,Rolls
         NR-121,8,Rolls
         NR-122,10,Rolls
         NR-123,96,Rolls
         NR-124,33,Rolls
         NR-125,94,Rolls
         NR-126,131,Rolls
         NR-127,61,Rolls
         NR-128,32,Rolls
         NR-129,120,Rolls
         NR-130,134,Rolls
         NR-131,81,Rolls
         NR-132,78,Rolls
         NR-133,65,Rolls
         NR-134,152,Rolls
         NR-135,135,Rolls
         NR-136,32,Rolls
         NR-137,13,Rolls
         NR-138,66,Rolls
         NR-139,105,Rolls
         NR-140,1,Rolls
         NR-141,92,Rolls
         F-CA2002,40,Rolls
         F-CA2004,78,Rolls
         F-CA4004,74,Rolls
         F-CA7010,60,Rolls
         F-DH2001,16,Rolls
         F-DH2005,100,Rolls
         F-DH3004,46,Rolls
         F-DH4004,48,Rolls
         F-DH6004,81,Rolls
         F-DJ3004,71,Rolls
         F-DJ3005,52,Rolls
         F-DJ4002,83,Rolls
         F-DJ6003,55,Rolls
         F-EP1007,104,Rolls
         F-FE1006,50,Rolls
         F-FE4001,117,Rolls
         F-FE7005,136,Rolls
         F-FG5008,40,Rolls
         F-FG8012,100,Rolls
         F-FT6005,98,Rolls
         F-FV3002,88,Rolls
         F-GA3010,64,Rolls
         F-HM7003,70,Rolls
         F-KA1002,7,Rolls
         F-KA1006,98,Rolls
         F-KA3001,52,Rolls
         F-KA3003,42,Rolls
         F-KA7006,60,Rolls
         F-MA1007,53,Rolls
         F-MA2004,75,Rolls
         F-MA2008,102,Rolls
         F-MI5004,49,Rolls
         F-MI8001,33,Rolls
         F-OR8001,66,Rolls
         F-OR8002,10,Rolls
         F-OR8010,35,Rolls
         F-RE1005,0,Rolls
         F-RE2001,91,Rolls
         F-RE4003,151,Rolls
         F-ST3006,68,Rolls
         F-ST7008,71,Rolls
         F-SY4004,51,Rolls
         F-TL1104,48,Rolls
         F-VA2001,85,Rolls
         F-VA4010,70,Rolls
         F-WH1002,78,Rolls
         F-WH1003,39,Rolls
         F-WH3005,55,Rolls
         F-WI1004,96,Rolls
         F-WI4006,78,Rolls
         Opulence Wallpaper Catalogue,7,    Nos
         PT-AS10204,66,Rolls
         PT-AS10604,53,Rolls
         PT-AS9504,54,Rolls
         PT-AS9505,64,Rolls
         PT-AS9604,48,Rolls
         PT-AS9607,41,Rolls
         PT-VE14704,72,Rolls
         SP-SA6006,87,Rolls
         SP-SA6008,52,Rolls
         SP-SA6009,51,Rolls
         Silk-33380,46,Rolls
         Silk-33381,38,Rolls
         Silk-33382,27,Rolls
         Silk-33383,32,Rolls
         Silk-33384,32,Rolls
         Silk-33386,44,Rolls
         Silk-33387,31,Rolls
         Silk-33392,52,Rolls
         Silk-33393,59,Rolls
         Silk-33394,48,Rolls
         Silk-33395,20,Rolls
         Silk-33396,57,Rolls
         CAS103,107,Rolls
         CAS201,38,Rolls
         CE-A-10,46,Rolls
         CE-C-06,28,Rolls
         CE-C-07,44,Rolls
         DMW07LP01,60,Rolls
         PT-AS5506,39,Rolls
         PT-AS6301,91,Rolls
         PT-AS6407,101,Rolls
         PT-AS7105,88,Rolls
         PT-AS7302,87,Rolls
         PT-AS7601,31,Rolls
         PT-AS8202,12,Rolls
         PT-AS8503,43,Rolls
         PT-VE10604,96,Rolls
         PT-VE11101,131,Rolls
         PT-VE11105,120,Rolls
         PT-VE12605,37,Rolls
         PT-VE7606,29,Rolls
         PT-VE8104,28,Rolls
         PT-VE8301,38,Rolls
         PT-VE8302,21,Rolls
         PT-VE8608,35,Rolls
         PT-VE9304,44,Rolls
         SG-FA3005,90,Rolls
         SG-FA3008,27,Rolls
         SG-GG1002,53,Rolls
         SG-LA1005,120,Rolls
         SG-LA6004,29,Rolls
         SIP-D-03,3,Rolls
         SP-AR5004,36,Rolls
         SP-AR7001,28,Rolls
         SP-AR7002,23,Rolls
         SP-BS6005,42,Rolls
         SP-BS7003,44,Rolls
         SP-BS7004,75,Rolls
         SP-DG2004,97,Rolls
         SP-DG7004,115,Rolls
         SP-HA3004,110,Rolls
         SP-HA4001,37,Rolls
         SP-LB1002,167,Rolls
         SP-LB1003,137,Rolls
         SP-LB2004,112,Rolls
         SP-LB5003,136,Rolls
         SP-LB5004,48,Rolls
         SP-PV3005,127,Rolls
         SP-PV4006,135,Rolls
         SP-PV7003,133,Rolls
         SP-PV7004,104,Rolls
         SP-SF6003,29,Rolls
         SP-SF6005,37,Rolls
         SP-SP2005,115,Rolls
         SP-SP3009,132,Rolls
         SP-VE5508,113,Rolls
         BW-YH5004,40,Rolls
         CE-C-02,40,Rolls
         CE-C-04,41,Rolls
         PT-AS5103,115,Rolls
         PT-AS5104,136,Rolls
         PT-AS5105,99,Rolls
         PT-AS5501,9,Rolls
         PT-AS6403,42,Rolls
         PT-AS8203,80,Rolls
         PT-AS8501,144,Rolls
         PT-VE10205,44,Rolls
         PT-VE11403,35,Rolls
         PT-VE12401,49,Rolls
         PT-VE12702,29,Rolls
         PT-VE12705,27,Rolls
         PT-VE7803,117,Rolls
         PT-VE8101,11,Rolls
         SCL-A-05,122,Rolls
         SG-FA4004,35,Rolls
         SG-GG5005,21,Rolls
         SG-GG8004,58,Rolls
         SG-KR1303,27,Rolls
         SG-KR1401,33,Rolls
         SG-LA2003,127,Rolls
         SG-LA4003,33,Rolls
         SG-LA4006,96,Rolls
         SG-LA5001,116,Rolls
         SG-SL2004,106,Rolls
         SG-SL3004,43,Rolls
         SG-SL7006,28,Rolls
         SME-J-04,28,Rolls
         SP1012,0,Rolls
         SP-1012,36,Rolls
         SP-AR1002,128,Rolls
         SP-AR6001,75,Rolls
         SP-AS4003,49,Rolls
         SP-AS5004,85,Rolls
         SP-AS7005,114,Rolls
         SP-BS1002,45,Rolls
         SP-DG5002,47,Rolls
         SP-DG7011,36,Rolls
         SP-LB3004,104,Rolls
         SP-NL3004,34,Rolls
         SP-NL6001,95,Rolls
         SP-NL6009,51,Rolls
         SP-SF5005,33,Rolls
         SP-SP3008,29,Rolls
         SP-VE5201,94,Rolls
         SP-VE5202,30,Rolls
         SP-VE5205,97,Rolls
         SP-VE5206,98,Rolls
         SP-VE5307,116,Rolls
         SP-VE5507,48,Rolls
         SP-VE5609,120,Rolls
         SWD-E-04,39,Rolls
         CAS202,51,Rolls
         CAS401,68,Rolls
         DMW06Np05,7,Rolls
         PT-AS6505,50,Rolls
         PT-AS8502,46,Rolls
         PT-AS8504,45,Rolls
         PT-AS8506,81,Rolls
         PT-VE10103,64,Rolls
         PT-VE10105,43,Rolls
         PT-VE10502,62,Rolls
         PT-VE10503,68,Rolls
         PT-VE10504,83,Rolls
         PT-VE10506,65,Rolls
         PT-VE10601,88,Rolls
         PT-VE10602,60,Rolls
         PT-VE11102,74,Rolls
         PT-VE11107,82,Rolls
         PT-VE11203,66,Rolls
         PT-VE11204,65,Rolls
         PT-VE11606,61,Rolls
         PT-VE11608,71,Rolls
         PT-VE11707,67,Rolls
         PT-VE11708,87,Rolls
         PT-VE12101,50,Rolls
         PT-VE12304,79,Rolls
         PT-VE12305,63,Rolls
         PT-VE12402,81,Rolls
         PT-VE12404,79,Rolls
         PT-VE12502,55,Rolls
         PT-VE12608,67,Rolls
         PT-VE12701,55,Rolls
         PT-VE12704,66,Rolls
         PT-VE7604,45,Rolls
         PT-VE8403,66,Rolls
         PT-VE9101,78,Rolls
         PT-VE9102,56,Rolls
         PT-VE9104,71,Rolls
         PT-VE9105,43,Rolls
         PT-VE9106,71,Rolls
         PT-VE9506,30,Rolls
         SCL-B-05,32,Rolls
         SG-FA3009,33,Rolls
         SG-LA6007,63,Rolls
         SP-AR3004,62,Rolls
         SP-AR5005,85,Rolls
         SP-AR7003,45,Rolls
         SP-AR7005,0,Rolls
         SP-HA4003,56,Rolls
         SP-LB7008,86,Rolls
         SP-SF3003,63,Rolls
         SP-SP2004,56,Rolls
         SP-SP2007,70,Rolls
         SP-SP2008,61,Rolls
         SP-ST8012,78,Rolls
         SP-VE5302,62,Rolls
         SST-D-03,80,Rolls
         PT-AS5101,36,Rolls
         PT-AS5609,90,Rolls
         PT-AS6101,2,Rolls
         PT-AS6105,0,Rolls
         PT-AS6304,79,Rolls
         PT-AS6609,65,Rolls
         PT-AS7104,52,Rolls
         PT-AS7508,11,Rolls
         PT-AS8401,83,Rolls
         PT-AS8402,86,Rolls
         PT-AS8404,68,Rolls
         PT-VE8606,50,Rolls
         SG-FA2006,54,Rolls
         SG-KR1205,0,Rolls
         SG-LA1002,0,Rolls
         SG-LA1004,36,Rolls
         SG-SL7012,90,Rolls
         SP-BS4005,0,Rolls
         SP-DG2001,0,Rolls
         SP-DG2002,30,Rolls
         SP-DG5003,88,Rolls
         SP-DG6003,70,Rolls
         SP-DG6005,43,Rolls
         SP-DG7007,63,Rolls
         SP-DG7009,86,Rolls
         SP-HA2004,31,Rolls
         SP-HA3003,49,Rolls
         SP-HA3005,64,Rolls
         SP-HA5004,0,Rolls
         SP-HA5006,69,Rolls
         SP-LB2003,40,Rolls
         SP-LB2006,66,Rolls
         SP-LB3005,86,Rolls
         SP-LB5005,88,Rolls
         SP-LB6005,90,Rolls
         SP-LB7001,50,Rolls
         SP-MT1004,66,Rolls
         SP-MT2004,0,Rolls
         SP-NL1001,0,Rolls
         SP-NL3002,50,Rolls
         SP-NL4007,66,Rolls
         SP-NL6003,43,Rolls
         SP-SP2001,49,Rolls
         SP-VE6104,44,Rolls
         SP-VE6105,0,Rolls
         Stardust Roll-9220611,55,Rolls
         Stardust Roll-9220612,11,Rolls
         Stardust Roll-9220613,1,Rolls
         Stardust Roll-9220614,123,Rolls
         Stardust Roll-9220621,22,Rolls
         Stardust Roll-9220622,0,Rolls
         Stardust Roll-9220624,0,Rolls
         Stardust Roll-9220631,4,Rolls
         Stardust Roll-9220632,94,Rolls
         Stardust Roll-9220633,80,Rolls
         Stardust Roll-9220634,11,Rolls
         Stardust Roll-9220635,0,Rolls
         Stardust Roll-9220641,0,Rolls
         Stardust Roll-9220642,2,Rolls
         Stardust Roll-9220643,37,Rolls
         Stardust Roll-9220644,0,Rolls
         Stardust Roll-9220645,0,Rolls
         Stardust Roll-9220646,37,Rolls
         Stardust Roll-9220651,0,Rolls
         Stardust Roll-9220652,54,Rolls
         Stardust Roll-9220653,91,Rolls
         Stardust Roll-9220654,88,Rolls
         Stardust Roll-9220655,90,Rolls
         Stardust Roll-9220661,46,Rolls
         Stardust Roll-9220663,19,Rolls
         Stardust Roll-9220664,80,Rolls
         Stardust Roll-9220665,6,Rolls
         Stardust Roll-9220667,115,Rolls
         Stardust Roll-9220668,56,Rolls
         Stardust Roll-9220671,84,Rolls
         Stardust Roll-9220672,73,Rolls
         Stardust Roll-9220673,110,Rolls
         Stardust Roll-9220675,2,Rolls
         Stardust Roll-9220681,2,Rolls
         Stardust Roll-9220682,19,Rolls
         Stardust Roll-9220683,5,Rolls
         Stardust Roll-9220684,0,Rolls
         Stardust Roll-9220685,2,Rolls
         Steel Wallpaper Roll 65-50102,0,Rolls
         Steel Wallpaper Roll 65-50302,0,Rolls
         Steel Wallpaper Roll SCL-A-03,0,Rolls
         Steel Wallpaper Roll SCL-E-07,0,Rolls
         Steel Wallpaper Roll SME-L-13,0,Rolls
         Steel Wallpaper Roll SST-C-05,0,Rolls
         Steel Wallpaper Roll SST-D-05,0,Rolls
         Steel Wallpaper Roll VE-32001,0,Rolls
         Steel Wallpaper Roll VE-41005,0,Rolls
         Steel Wallpaper Roll-41013,0,Rolls
         Steel Wallpaper Roll-41055,0,Rolls
         Steel Wallpaper Roll-41062,0,Rolls
         Steel Wallpaper Roll-41066,0,Rolls
         Steel Wallpaper Roll-42012,0,Rolls
         Steel Wallpaper Roll-42014,0,Rolls
         Steel Wallpaper Roll-42062,0,Rolls
         Steel Wallpaper Roll-42066,0,Rolls
         Steel Wallpaper Roll-42071,0,Rolls
         Steel Wallpaper Roll-42073,0,Rolls
         Steel Wallpaper Roll-AD642811,0,Rolls
         Steel Wallpaper Roll-AD642814,0,Rolls
         Steel Wallpaper Roll-AD642821,0,Rolls
         Steel Wallpaper Roll-AD642822,0,Rolls
         Steel Wallpaper Roll-AD642823,0,Rolls
         Steel Wallpaper Roll-AD642834,0,Rolls
         Steel Wallpaper Roll-AD642843,0,Rolls
         Steel Wallpaper Roll-AD642844,0,Rolls
         Steel Wallpaper Roll-AD642865,0,Rolls
         Steel Wallpaper Roll-AD642882,0,Rolls
         Steel Wallpaper Roll-AD642883,0,Rolls
         Steel Wallpaper Roll-AD642893,0,Rolls
         Steel Wallpaper Roll-AD642894,0,Rolls
         Steel Wallpaper Roll-BD43801,0,Rolls
         Steel Wallpaper Roll-BD43802,0,Rolls
         Steel Wallpaper Roll-BD44002,0,Rolls
         Steel Wallpaper Roll-BD44201,0,Rolls
         Steel Wallpaper Roll-CR37706,0,Rolls
         Steel Wallpaper Roll-CR38204,0,Rolls
         Steel Wallpaper Roll-CR38402,0,Rolls
         Steel Wallpaper Roll-CR38403,0,Rolls
         Steel Wallpaper Roll-MR643704,0,Rolls
         Steel Wallpaper Roll-MR643705,0,Rolls
         Steel Wallpaper Roll-VE-45004,0,Rolls
         Tanishq Wallpaper Roll-TQ3011,104,Rolls
         Tanishq Wallpaper Roll-TQ3015,42,Rolls
         Tanishq Wallpaper Roll-TQ3016,54,Rolls
         Tanishq Wallpaper Roll-TQ3017,64,Rolls
         Tanishq Wallpaper Roll-TQ3021,32,Rolls
         Tanishq Wallpaper Roll-TQ3022,77,Rolls
         Tanishq Wallpaper Roll-TQ3024,45,Rolls
         Tanishq Wallpaper Roll-TQ3025,31,Rolls
         Tanishq Wallpaper Roll-TQ3031,43,Rolls
         Tanishq Wallpaper Roll-TQ3032,85,Rolls
         Tanishq Wallpaper Roll-TQ3033,52,Rolls
         Tanishq Wallpaper Roll-TQ3034,4,Rolls
         Tanishq Wallpaper Roll-TQ3037,59,Rolls
         Tanishq Wallpaper Roll-TQ3038,33,Rolls
         Tanishq Wallpaper Roll-TQ3039,53,Rolls
         Tanishq Wallpaper Roll-TQ3052,72,Rolls
         Tanishq Wallpaper Roll-TQ3054,49,Rolls
         Tanishq Wallpaper Roll-TQ3063,87,Rolls
         Tanishq Wallpaper Roll-TQ3065,113,Rolls
         Tanishq Wallpaper Roll-TQ3066,46,Rolls
         Tanishq Wallpaper Roll-TQ3071,71,Rolls
         Tanishq Wallpaper Roll-TQ3073,0,Rolls
         Tanishq Wallpaper Roll-TQ3074,12,Rolls
         Tanishq Wallpaper Roll-TQ3076,66,Rolls
         Tanishq Wallpaper Roll-TQ3077,0,Rolls
         Tanishq Wallpaper Roll-TQ3081,93,Rolls
         Tanishq Wallpaper Roll-TQ3083,15,Rolls
         Tanishq Wallpaper Roll-TQ3084,80,Rolls
         Tanishq Wallpaper Roll-TQ3092,20,Rolls
         Tanishq Wallpaper Roll-TQ3093,0,Rolls
         Tanishq Wallpaper Roll-TQ3095,15,Rolls
         Tanishq Wallpaper Roll-TQ3106,6,Rolls
         Tanishq Wallpaper Roll-TQ3117,32,Rolls
         Tanishq Wallpaper Roll-TQ3703,0,Rolls
         Terra-43800,45,Rolls
         Terra-43801,23,Rolls
         Terra-43802,43,Rolls
         Terra-43803,31,Rolls
         Terra-43806,30,Rolls
         Terra-43808,25,Rolls
         Terra-43809,14,Rolls
         Terra-43810,6,Rolls
         Terra-43815,6,Rolls
         Terra-43816,13,Rolls
         Terra-43817,34,Rolls
         Terra-43818,13,Rolls
         Terra-43819,8,Rolls
         Terra-43826,15,Rolls
         Terra-43828,21,Rolls
         Terra-43829,12,Rolls
         Terra-43831,11,Rolls
         Terra-43832,18,Rolls
         Terra-43833,9,Rolls
         Terra-43835,16,Rolls
         Terra-43838,16,Rolls
         Terra-43839,10,Rolls
         Terra-43841,11,Rolls
         Terra-43842,15,Rolls
         Terra-43843,16,Rolls
         Terra-43845,7,Rolls
         Terra-43846,8,Rolls
         Terra-43848,7,Rolls
         Terra-43849,23,Rolls
         Terra-43851,33,Rolls
         Terra-43852,11,Rolls
         Terra-43853,25,Rolls
         Terra-43855,10,Rolls
         Terra-43856,8,Rolls
         Terra-43858,11,Rolls
         Terra-43859,10,Rolls
         Terra-43870,69,Rolls
         Terra-43871,14,Rolls
         Terra-43872,25,Rolls
         Terra-43873,16,Rolls
         Terra-43876,1,Rolls
         Terra-43878,20,Rolls
         Terra-43879,13,Rolls
         Terra-43880,9,Rolls
         Terra-43881,11,Rolls
         Terra-43882,18,Rolls
         Terra-43883,8,Rolls
         Terra-43885,15,Rolls
         Terra-43888,18,Rolls
         TOP STRIPE CATLOG -80216,2,    PCS
         TOP STRIPE-30180,10,Rolls
         TOP STRIPE-30182,7,Rolls
         TOP STRIPE-30183,15,Rolls
         TOP STRIPE-30184,12,Rolls
         TOP STRIPE-30185,11,Rolls
         TOP STRIPE-30197,12,Rolls
         TOP STRIPE-38401,42,Rolls
         TOP STRIPE-38402,46,Rolls
         TOP STRIPE-38405,27,Rolls
         TOP STRIPE-38406,36,Rolls
         TOP STRIPE-38409,8,Rolls
         TOP STRIPE-38411,21,Rolls
         TOP STRIPE-38412,38,Rolls
         TOP STRIPE-38413,30,Rolls
         TOP STRIPE-38414,12,Rolls
         TOP STRIPE-38415,43,Rolls
         TOP STRIPE-38417,27,Rolls
         TOP STRIPE-38418,18,Rolls
         TOP STRIPE-38419,22,Rolls
         TOP STRIPE-38421,31,Rolls
         TOP STRIPE-38422,33,Rolls
         TOP STRIPE-38423,0,Rolls
         TOP STRIPE-38425,26,Rolls
         TOP STRIPE-38426,35,Rolls
         TOP STRIPE-38427,20,Rolls
         TOP STRIPE-38428,16,Rolls
         TOP STRIPE-38429,7,Rolls
         TOP STRIPE-38431,25,Rolls
         TOP STRIPE-38432,24,Rolls
         TOP STRIPE-38433,20,Rolls
         TOP STRIPE-38434,4,Rolls
         TOP STRIPE-38435,12,Rolls
         TOP STRIPE-38436,40,Rolls
         TOP STRIPE-38437,11,Rolls
         TOP STRIPE-38439,19,Rolls
         TOP STRIPE-38441,39,Rolls
         TOP STRIPE-38442,2,Rolls
         TOP STRIPE-38444,1,Rolls
         TOP STRIPE-38446,16,Rolls
         TOP STRIPE-38448,9,Rolls
         TOP STRIPE-38449,14,Rolls
         TOP STRIPE-38451,9,Rolls
         TOP STRIPE-38452,40,Rolls
         TOP STRIPE-38453,54,Rolls
         TOP STRIPE-38454,53,Rolls
         TOP STRIPE-38461,7,Rolls
         TOP STRIPE-38462,4,Rolls
         TOP STRIPE-38463,9,Rolls
         TOP STRIPE-38468,10,Rolls
         TOP STRIPE-38469,5,Rolls
         TOP STRIPE-38471,15,Rolls
         TOP STRIPE-38473,12,Rolls
         TOP STRIPE-38476,10,Rolls
         TOP STRIPE-38479,14,Rolls
         TOP STRIPE-38484,31,Rolls
         TOP STRIPE-38486,1,Rolls
         TOP STRIPE-38489,16,Rolls
         Customized Painting,4.263,    Sq Mtr
         F-AE2003,9,Rolls
         F-AE2004,6,Rolls
         F-AE3002,17,Rolls
         F-AE4005,14,Rolls
         F-AE5001,2,Rolls
         F-AE6002,2,Rolls
         F-AE6005,4,Rolls
         F-AE7005,12,Rolls
         F-AE8002,1,Rolls
         F-AE9001,5,Rolls
         F-BV1002,7,Rolls
         F-BV3001,4,Rolls
         F-BV3003,19,Rolls
         F-BV4001,5,Rolls
         F-BV4002,14,Rolls
         F-BV4003,3,Rolls
         F-BV5006,16,Rolls
         F-BV6006,14,Rolls
         F-BV6007,111,Rolls
         F-BV7003,5,Rolls
         F-BV7004,4,Rolls
         F-BV8003,7,Rolls
         F-CA2001,19,Rolls
         F-CA2003,3,Rolls
         F-CA3002,15,Rolls
         F-CA7001,12,Rolls
         F-CA7008,14,Rolls
         F-CA7009,16,Rolls
         F-DH2004,18,Rolls
         F-DH3003,1,Rolls
         F-DH4001,9,Rolls
         F-DH4003,6,Rolls
         F-DH7001,9,Rolls
         F-DH7005,11,Rolls
         F-DH8006,16,Rolls
         F-DJ3002,17,Rolls
         F-DJ3003,5,Rolls
         F-DJ4001,4,Rolls
         F-DJ5001,16,Rolls
         F-DJ6007,2,Rolls
         F-EP1002,6,Rolls
         F-EP1006,1,Rolls
         F-EP5007,8,Rolls
         F-FE3002,76,Rolls
         F-FE5004,7,Rolls
         F-FE6001,5,Rolls
         F-FE6003,3,Rolls
         F-FE6007,1,Rolls
         F-FE7001,2,Rolls
         F-FG2001,17,Rolls
         F-FG2004,1,Rolls
         F-FG4003,6,Rolls
         F-FG5002,3,Rolls
         F-FG5006,3,Rolls
         F-FG5011,2,Rolls
         F-FG7006,8,Rolls
         F-FG7007,19,Rolls
         F-FG7008,16,Rolls
         F-FL1001,14,Rolls
         F-FL1007,2,Rolls
         F-FL4002,17,Rolls
         F-FL4004,11,Rolls
         F-FL5003,6,Rolls
         F-FL6002,1,Rolls
         F-FL6007,5,Rolls
         F-FL6009,16,Rolls
         F-FT1004,0,Rolls
         F-FT2003,11,Rolls
         F-FT3003,3,Rolls
         F-FT4001,15,Rolls
         F-FT4005,1,Rolls
         F-FT6001,7,Rolls
         F-FT6002,4,Rolls
         F-FT6008,1,Rolls
         F-FT7001,3,Rolls
         F-FT7002,1,Rolls
         F-FT7004,12,Rolls
         F-FV2005,0,Rolls
         F-FV2006,10,Rolls
         F-FV5001,18,Rolls
         F-FV5004,17,Rolls
         F-FV6005,13,Rolls
         F-FV6008,4,Rolls
         F-GA2004,7,Rolls
         F-GA4002,6,Rolls
         F-GA4004,13,Rolls
         F-GA4005,14,Rolls
         F-GA4009,1,Rolls
         F-HM2002,7,Rolls
         F-HM4001,15,Rolls
         F-HM5004,3,Rolls
         F-HM6004GB,17,Rolls
         F-HM7001,13,Rolls
         F-HM7002,6,Rolls
         F-HM8002,13,Rolls
         F-IN4004,173,Rolls
         F-IN5001,14,Rolls
         F-IN5002,2,Rolls
         F-IN5007,19,Rolls
         F-IN6001,14,Rolls
         F-IN6002,3,Rolls
         F-IN6005,6,Rolls
         F-IN6009,1,Rolls
         F-IN7011,6,Rolls
         F-KA3002,3,Rolls
         F-KA4003,8,Rolls
         F-KA4004,5,Rolls
         F-KA6005,8,Rolls
         F-KA6006,8,Rolls
         F-KA7002,12,Rolls
         F-KA8001,1,Rolls
         F-MA1004,9,Rolls
         F-MA1006,10,Rolls
         F-MA2001,7,Rolls
         F-MA2002,1,Rolls
         F-MA2013,1,Rolls
         F-MA3002,2,Rolls
         F-MA3005,0,Rolls
         F-MA3007,12,Rolls
         F-MA3008,17,Rolls
         F-MI1005,17,Rolls
         F-MI2005,5,Rolls
         F-MI3001,1,Rolls
         F-MI3002,5,Rolls
         F-MI6001,2,Rolls
         F-MI6003,4,Rolls
         F-MI6004,1,Rolls
         F-MY12606,1,Rolls
         F-MY12607,1,Rolls
         F-MY2001,1,Rolls
         F-MY2009,19,Rolls
         F-MY3001,2,Rolls
         F-MY5005,8,Rolls
         F-MY6001A,1,Rolls
         F-MY6004A,7,Rolls
         F-MY6004B,11,Rolls
         F-MY6005A,6,Rolls
         F-MY6007A,7,Rolls
         F-MY7011,10,Rolls
         F-MY8003,3,Rolls
         F-MY8004,3,Rolls
         F-MY8010,11,Rolls
         F-MY8011,3,Rolls
         F-OR4001,47,Rolls
         F-OR4005,3,Rolls
         F-OR6004,1,Rolls
         F-OR7003,2,Rolls
         F-OR7006,7,Rolls
         F-RE1009,8,Rolls
         F-RE2008,11,Rolls
         F-RE3001,4,Rolls
         F-RE4007,10,Rolls
         F-ST1001,2,Rolls
         F-ST4001,3,Rolls
         F-ST5002,7,Rolls
         F-ST5004,8,Rolls
         F-ST6003,6,Rolls
         F-ST7003,17,Rolls
         F-ST7004,83,Rolls
         F-ST7005,10,Rolls
         F-ST8001,3,Rolls
         F-ST8005,3,Rolls
         F-SY6003,1,Rolls
         F-TL1102,7,Rolls
         F-TL1201,4,Rolls
         F-TL2001,15,Rolls
         F-TL3001,15,Rolls
         F-TL3004,9,Rolls
         F-TL5005,1,Rolls
         F-TL6001,11,Rolls
         F-TL6002,2,Rolls
         F-TL6005,2,Rolls
         F-TL7002,1,Rolls
         F-TL9002,1,Rolls
         F-VA1004,2,Rolls
         F-VA2004,19,Rolls
         F-VA3001,1,Rolls
         F-VA3002,4,Rolls
         F-VA4001,10,Rolls
         F-VA4003,6,Rolls
         F-VA5004,1,Rolls
         F-WH1005,6,Rolls
         F-WH2001,9,Rolls
         F-WH2002,18,Rolls
         F-WH2004,13,Rolls
         F-WH3001,12,Rolls
         F-WH3008,16,Rolls
         F-WH5002,1,Rolls
         F-WH7005,6,Rolls
         F-WI2001,6,Rolls
         F-WI2004,16,Rolls
         F-WI3003,4,Rolls
         F-WI3004,17,Rolls
         F-WI3006,8,Rolls
         F-WI4001,12,Rolls
         F-WI4005,3,Rolls
         F-WI5004,1,Rolls
         F-WI6005,19,Rolls
         F-WI6006,9,Rolls
         F-WI7001,5,Rolls
         F-WI7002,16,Rolls
         F-WI7004,17,Rolls
         F-WI7005,7,Rolls
         PT-AS10104,9,Rolls
         PT-AS10105,1,Rolls
         PT-AS10302,12,Rolls
         PT-AS10303,3,Rolls
         PT-AS10404,10,Rolls
         PT-AS10505,2,Rolls
         PT-AS10601,12,Rolls
         PT-AS10602,2,Rolls
         PT-AS10603,16,Rolls
         PT-AS10610,14,Rolls
         PT-AS10611,6,Rolls
         PT-AS9101,3,Rolls
         PT-AS9205,10,Rolls
         PT-AS9301,1,Rolls
         PT-AS9405,1,Rolls
         PT-AS9601,4,Rolls
         PT-AS9602,16,Rolls
         PT-AS9605,4,Rolls
         PT-AS9606,10,Rolls
         PT-VE13404,3,Rolls
         PT-VE13405,48,Rolls
         PT-VE13504,7,Rolls
         PT-VE13603,11,Rolls
         PT-VE13606,6,Rolls
         PT-VE13608,3,Rolls
         PT-VE13609,9,Rolls
         PT-VE14102,9,Rolls
         PT-VE14105,2,Rolls
         PT-VE14106,9,Rolls
         PT-VE14201,17,Rolls
         PT-VE14202,9,Rolls
         PT-VE14501,12,Rolls
         PT-VE14502,8,Rolls
         PT-VE14504,2,Rolls
         PT-VE14602,1,Rolls
         PT-VE14703,7,Rolls
         PT-VE14705,4,Rolls
         PT-VE14706,63,Rolls
         SP-IG3001,3,Rolls
         SP-IG4002,16,Rolls
         SP-IG6004,14,Rolls
         SP-IG6008,7,Rolls
         SP-IG7005,7,Rolls
         SP-IG7006,5,Rolls
         SP-IG7013,9,Rolls
         SP-SA2001,56,Rolls
         SP-SA4004,14,Rolls
         SP-SA4006,3,Rolls
         SP-SA5005,13,Rolls
         SP-SA6001,16,Rolls
         SP-WG2002,1,Rolls
         Topmost Fabric,50,    Mtr.
         Topmost Wallpaper Catalogue,0,    Nos
         Topmost Wallpaper Roll,0,Rolls
         Utterance BX-VT51511,43.056,    Sq Ft
         Vision Roll 65-50303,113,Rolls
         Vision Roll 65-50404,0,Rolls
         Vision Roll 65-50503,1,Rolls
         Vision Roll 65-50602,3,Rolls
         Vision Roll 65-50603,0,Rolls
         Vision Roll 65-50702,35,Rolls
         Vision Roll AD642832,3,Rolls
         Vision Roll AD642833,6,Rolls
         Vision Roll AD642844,1,Rolls
         Vision Roll AD642853,30,Rolls
         Vision Roll AD642862,12,Rolls
         Vision Roll AD642864,2,Rolls
         Vision Roll AD642874,115,Rolls
         Vision Roll AD642883,3,Rolls
         Vision Roll BD43702,0,Rolls
         Vision Roll BD43703,0,Rolls
         Vision Roll BD43704,0,Rolls
         Vision Roll BD43705,0,Rolls
         Vision Roll BD43803,0,Rolls
         Vision Roll BD44102,1,Rolls
         Vision Roll BD44203,14,Rolls
         Vision Roll BD44502,113,Rolls
         Vision Roll BD44503,0,Rolls
         Vision Roll BD44504,4,Rolls
         Vision Roll BD44505,5,Rolls
         Vision Roll CR38002,5,Rolls
         Vision Roll CR38004,8,Rolls
         Vision Roll CR38301,61,Rolls
         Vision Roll CR38401,0,Rolls
         Vision Roll CR38403,0,Rolls
         Vision Roll MR643681,0,Rolls
         Vision Roll MR643684,0,Rolls
         Vision Roll MR643692,5,Rolls
         Vision Roll MR643693,41,Rolls
         Vision Roll MR643694,0,Rolls
         Vision Roll MR643713,0,Rolls
         Vision Roll MR643715,0,Rolls
         Vision Roll MR643723,44,Rolls
         Vision Roll MR643724,3,Rolls
         Vision Roll MR643731,65,Rolls
         Vision Roll MR643734,191,Rolls
         Vision Roll MR643742,0,Rolls
         Vision Roll MR643745,24,Rolls
         Vivid Wallpaper Roll-32001,5,Rolls
         Vivid Wallpaper Roll-32002,6,Rolls
         Vivid Wallpaper Roll-32003,0,Rolls
         Vivid Wallpaper Roll-32004,52,Rolls
         Vivid Wallpaper Roll-32005,33,Rolls
         Vivid Wallpaper Roll-32006,38,Rolls
         Vivid Wallpaper Roll-32101,36,Rolls
         Vivid Wallpaper Roll-32102,10,Rolls
         Vivid Wallpaper Roll-32103,33,Rolls
         Vivid Wallpaper Roll-32104,11,Rolls
         Vivid Wallpaper Roll-32105,37,Rolls
         Vivid Wallpaper Roll-32106,32,Rolls
         Vivid Wallpaper Roll-32201,13,Rolls
         Vivid Wallpaper Roll-32202,1,Rolls
         Vivid Wallpaper Roll-32203,51,Rolls
         Vivid Wallpaper Roll-32204,18,Rolls
         Vivid Wallpaper Roll-32205,31,Rolls
         Vivid Wallpaper Roll-32206,28,Rolls
         Vivid Wallpaper Roll-32301,4,Rolls
         Vivid Wallpaper Roll-32302,7,Rolls
         Vivid Wallpaper Roll-32303,2,Rolls
         Vivid Wallpaper Roll-32401,5,Rolls
         Vivid Wallpaper Roll-32402,28,Rolls
         Vivid Wallpaper Roll-32403,39,Rolls
         Vivid Wallpaper Roll-32404,43,Rolls
         Vivid Wallpaper Roll-32405,1,Rolls
         Vivid Wallpaper Roll-32406,19,Rolls
         Vivid Wallpaper Roll-33001,12,Rolls
         Vivid Wallpaper Roll-33003,32,Rolls
         Vivid Wallpaper Roll-33004,42,Rolls
         Vivid Wallpaper Roll-33006,8,Rolls
         Vivid Wallpaper Roll-33011,0,Rolls
         Vivid Wallpaper Roll-33015,13,Rolls
         Vivid Wallpaper Roll-33032,0,Rolls
         Vivid Wallpaper Roll-33035,45,Rolls
         Vivid Wallpaper Roll-33042,7,Rolls
         Vivid Wallpaper Roll-33043,8,Rolls
         Vivid Wallpaper Roll-33044,10,Rolls
         Vivid Wallpaper Roll-33045,1,Rolls
         Vivid Wallpaper Roll-33046,9,Rolls
         Vivid Wallpaper Roll-33051,1,Rolls
         Vivid Wallpaper Roll-33054,23,Rolls
         Vivid Wallpaper Roll-33055,1,Rolls
         Vivid Wallpaper Roll-33056,25,Rolls
         Vivid Wallpaper Roll-33061,26,Rolls
         Vivid Wallpaper Roll-33062,37,Rolls
         Vivid Wallpaper Roll-33063,39,Rolls
         Vivid Wallpaper Roll-33064,38,Rolls
         Vivid Wallpaper Roll-33065,39,Rolls
         Vivid Wallpaper Roll-33066,50,Rolls
         Waves Roll Wav-101,0,Rolls
         Waves Roll Wav-102,33,Rolls
         Waves Roll Wav-103,31,Rolls
         Waves Roll Wav-104,7,Rolls
         Waves Roll Wav-105,45,Rolls
         Waves Roll Wav-106,56,Rolls
         Waves Roll Wav-107,0,Rolls
         Waves Roll Wav-108,8,Rolls
         Waves Roll Wav-109,0,Rolls
         Waves Roll Wav-110,0,Rolls
         Waves Roll Wav-111,0,Rolls
         Waves Roll Wav-112,0,Rolls
         Waves Roll Wav-113,7,Rolls
         Waves Roll Wav-114,16,Rolls
         Waves Roll Wav-115,0,Rolls
         Waves Roll Wav-116,48,Rolls
         Waves Roll Wav-117,13,Rolls
         Waves Roll Wav-118,51,Rolls
         Waves Roll Wav-120,9,Rolls
         Waves Roll Wav-121,18,Rolls
         Waves Roll Wav-122,0,Rolls
         Waves Roll Wav-123,24,Rolls
         Waves Roll Wav-124,20,Rolls
         Waves Roll Wav-125,38,Rolls
         Waves Roll Wav-126,39,Rolls
         Waves Roll Wav-127,66,Rolls
         Waves Roll Wav-128,33,Rolls
         Waves Roll Wav-129,32,Rolls
         Waves Roll Wav-130,45,Rolls
         Waves Roll Wav-131,2,Rolls
         Waves Roll Wav-133,50,Rolls
         Waves Roll Wav-134,0,Rolls
         Waves Roll Wav-135,28,Rolls
         Waves Roll Wav-136,32,Rolls
         Waves Roll Wav-137,34,Rolls
         Waves Roll Wav-138,10,Rolls
         Waves Roll Wav-139,0,Rolls
         Waves Roll Wav-140,47,Rolls
         Waves Roll Wav-141,35,Rolls
         Waves Roll Wav-142,47,Rolls
         Waves Roll Wav-143,52,Rolls
         PT-AS6504,45,Rolls
         PT-AS7403,36,Rolls
         PT-AS7708,30,Rolls
         PT-VE11202,24,Rolls
         PT-VE7404,15,Rolls
         PT-VE7805,36,Rolls
         SG-GG2002,1,Rolls
         SG-GG6005,27,Rolls
         SG-KR1102,24,Rolls
         SG-LA4004,49,Rolls
         SG-SL4004,46,Rolls
         SG-SL5001,43,Rolls
         SG-SL5004,46,Rolls
         SG-SL6006,48,Rolls
         SG-SL6007,39,Rolls
         SP-AN1001,0,Rolls
         SP-AN1003,0,Rolls
         SP-AN1006,10,Rolls
         SP-AN5002,0,Rolls
         SP-AN7004,26,Rolls
         SP-AR1004,43,Rolls
         SP-BS5001,24,Rolls
         SP-DG4002,60,Rolls
         SP-HA1001,50,Rolls
         SP-HA5005,35,Rolls
         SP-MT1001,29,Rolls
         SP-MT2003,18,Rolls
         SP-NL5001,32,Rolls
         SP-PV2004,56,Rolls
         SP-PV4003,34,Rolls
         SP-PV6003,31,Rolls
         SP-PV7001,42,Rolls
         SP-SF1004,29,Rolls
         SP-SF6006,54,Rolls
       Swallow Wallpaper,333.8,    Mtr.
       Swallow Wallpaper (MTR) - 12%,0,    Mtr.
       SYLK,31,    PCS
ARCADIA A64902,8,Rolls
ARCADIA A64903,22,Rolls
ARCADIA A65001,30,Rolls
ARCADIA A65002,18,Rolls
ARCADIA A65103,24,Rolls
ARCADIA A65104,18,Rolls
ARCADIA A65401,13,Rolls
ARCADIA A65402,23,Rolls
ARCADIA A65411,10,Rolls
ARCADIA A67801,18,Rolls
ARCADIA A67802,18,Rolls
ARCADIA A68102,7,Rolls
ARCADIA A68103,17,Rolls
ARCADIA A68104,15,Rolls
ARCADIA A69201,20,Rolls
ARCADIA A69202,37,Rolls
ARCADIA A69203,12,Rolls
ARCADIA A70201,7,Rolls
ARCADIA A70202,36,Rolls
ARCADIA A70203,23,Rolls
ARCADIA A70701,18,Rolls
ARCADIA A70702,4,Rolls
ARCADIA A70801,12,Rolls
ARCADIA A70802,12,Rolls
ARCADIA A70803,8,Rolls
ARCADIA A70901,25,Rolls
ARCADIA A70902,36,Rolls
ARCADIA A70903,12,Rolls
ARCADIA A71301,11,Rolls
ARCADIA A71302,8,Rolls
ARCADIA A71308,14,Rolls
ARCADIA \ KARUNA \ INIA A71001,10,Rolls
ARCADIA \ KARUNA \ INIA A71002,14,Rolls
ARCADIA \ KARUNA \ INIA A71003,49,Rolls
ARCADIA \ KARUNA \ INIA A71004,18,Rolls
ARCADIA \ KARUNA \ INIA A71005,24,Rolls
ARCADIA \ KARUNA \ INIA A71006,14,Rolls
ARCADIA \ KARUNA \ INIA A71007,11,Rolls
ARCADIA \ KARUNA \ INIA A71008,13,Rolls
ARCADIA \ KARUNA \ INIA A71009,17,Rolls
ARCADIA \ KARUNA \ INIA A71010,3,Rolls
ASPERIA 177502,34,Rolls
ASPERIA 177504,29,Rolls
ASPERIA 177505,24,Rolls
ASPERIA A51401,26,Rolls
ASPERIA A51402,24,Rolls
ASPERIA A51403,32,Rolls
ASPERIA A51519,13,Rolls
ASPERIA A54701,37,Rolls
ASPERIA A54702,19,Rolls
ASPERIA A54703,35,Rolls
ASPERIA A54801,15,Rolls
ASPERIA A54802,41,Rolls
ASPERIA A54803,8,Rolls
ASPERIA A54901,7,Rolls
ASPERIA A54902,20,Rolls
ASPERIA A55401,9,Rolls
ASPERIA A55402,6,Rolls
ASPERIA A55701,8,Rolls
ASPERIA A55702,12,Rolls
ASPERIA A55703,22,Rolls
ASPERIA A55801,35,Rolls
ASPERIA A55802,5,Rolls
ASPERIA A56201,8,Rolls
ASPERIA A56202 - Discontinued,1,Rolls
ASPERIA A57001,5,Rolls
ASPERIA A57002,10,Rolls
ASPERIA A57101,18,Rolls
ASPERIA A57103,25,Rolls
ASPERIA A58101,7,Rolls
ASPERIA A58102,10,Rolls
ASPERIA A58701,25,Rolls
ASPERIA A58702,22,Rolls
ASPERIA A58703,19,Rolls
ASPERIA A60001,9,Rolls
ASPERIA A60002,9,Rolls
ASPERIA A60003,33,Rolls
ASPERIA A60101,15,Rolls
ASPERIA A60103,30,Rolls
ASPERIA A60104,26,Rolls
ASPERIA / OROM 2 A51514,33,Rolls
ASPERIA / OROM 2 A51515,9,Rolls
ASPERIA / OROM 2 A51517,10,Rolls
ASPERIA / OROM 2 A51518,14,Rolls
ASPERIA / OROM 2 A51520,26,Rolls
ASPERIA PP1210,29,Rolls
ASPERIA PP1211,16,Rolls
ASPERIA PP1213,25,Rolls
ASPERIA PP1215 - Discontinued,1,Rolls
CIARA A13317,14,Rolls
CIARA A13318,21,Rolls
CIARA A13319,25,Rolls
CIARA A53701,8,Rolls
CIARA A53702,9,Rolls
CIARA A53703,19,Rolls
CIARA A53704,10,Rolls
CIARA A53705,7,Rolls
CIARA A53706,19,Rolls
CIARA A53707,11,Rolls
CIARA A53708,35,Rolls
CIARA A53709 - Discontinued,1,Rolls
CIARA A53710,7,Rolls
CIARA A53711,17,Rolls
CIARA A53713,9,Rolls
CIARA A53714,15,Rolls
CIARA A58401,30,Rolls
CIARA A58402,28,Rolls
CIARA A58403,28,Rolls
CIARA A58601,22,Rolls
CIARA A62701,15,Rolls
CIARA A62702,16,Rolls
CIARA A62703,21,Rolls
CIARA A62801,18,Rolls
CIARA A62802,29,Rolls
CIARA A62803,7,Rolls
CIARA A62901,11,Rolls
CIARA A62902,7,Rolls
CIARA A62903,20,Rolls
CIARA A62904,11,Rolls
CIARA A63001,13,Rolls
CIARA A63002,18,Rolls
CIARA A63003,20,Rolls
CIARA A63101,18,Rolls
CIARA A63102,30,Rolls
CIARA A63103 - D,31,Rolls
CIARA A63201,22,Rolls
CIARA A63202,31,Rolls
CIARA A63301,15,Rolls
CIARA A63302,13,Rolls
CIARA A63401,9,Rolls
CIARA A63402,11,Rolls
CIARA A63403,13,Rolls
CIARA A63404 - Discontinued,8,Rolls
CIARA A63501,9,Rolls
CIARA A63502,7,Rolls
CIARA A63503,6,Rolls
CIARA A63504,6,Rolls
CIARA A63601,7,Rolls
CIARA A63602,16,Rolls
CIARA A63603,15,Rolls
CIARA A63801,35,Rolls
CIARA A63802,18,Rolls
CIARA A63803,11,Rolls
CIARA A63901,40,Rolls
CIARA A63902,11,Rolls
CIARA A64001,21,Rolls
CIARA A64002 - Discontinued,2,Rolls
CIARA A64003,15,Rolls
CIARA A64101,11,Rolls
CIARA A64102,19,Rolls
CIARA A64103,12,Rolls
INIA A71011,24,Rolls
INIA A71012,23,Rolls
INIA A71013,21,Rolls
INIA A71014,24,Rolls
INIA A74601,24,Rolls
INIA A74602,24,Rolls
INIA A74603,22,Rolls
INIA A78601,24,Rolls
INIA A78602,24,Rolls
INIA A78603,23,Rolls
INIA A78801,4,Rolls
INIA A78802,24,Rolls
INIA A78803,24,Rolls
INIA A78901,24,Rolls
INIA A78902,23,Rolls
INIA A78903,23,Rolls
INIA A79201,24,Rolls
INIA A79202,24,Rolls
INIA A80101,24,Rolls
INIA A80102,20,Rolls
INIA A80401,24,Rolls
INIA A80402,23,Rolls
INIA A80501,24,Rolls
INIA A80502,24,Rolls
INIA A82801,24,Rolls
INIA A82802,24,Rolls
INIA A82803,24,Rolls
INIA A83501,20,Rolls
INIA A83502,24,Rolls
INIA A83601,24,Rolls
INIA A83602,22,Rolls
JF 1101,13,Rolls
JF 1102 - Discontinued,2,Rolls
JF 1103,13,Rolls
JF 1215 - ASPERIA A13302,18,Rolls
JF 1216 - A13305,35,Rolls
JF 1302 / NOMAD PP1102,7,Rolls
JF 1303 / NOMAD PP1103,25,Rolls
JF 1305 / NOMAD PP1105,34,Rolls
JF 1306 / NOMAD PP1106 - Discontinued,11,Rolls
JF 1308 / NOMAD PP1108 - Discontinued,1,Rolls
JF 1309,25,Rolls
JF 2001,6,Rolls
JF 2301,5,Rolls
JF 2302,13,Rolls
JF 2401,19,Rolls
JF 2402,63,Rolls
JF 3001,9,Rolls
JF 3002,45,Rolls
JF 3201,43,Rolls
JF 3203,7,Rolls
JF 3301,27,Rolls
JF 3302,28,Rolls
JF 3303,27,Rolls
JF 3402 - Discontinued,5,Rolls
JF 3601,5,Rolls
JF 3902,5,Rolls
JF / CIARA 1213,9,Rolls
JF / CIARA / ASPERIA 1214,13,Rolls
JF MURAL A 6001 - Disconinued,2,Rolls
JF MURAL B 6101 - Discontinued,3,Rolls
KARUNA 205001,23,Rolls
KARUNA 205003,22,Rolls
KARUNA A67601,3,Rolls
KARUNA A67602,9,Rolls
KARUNA A67603,1,Rolls
KARUNA A69001,20,Rolls
KARUNA A69002,1,Rolls
KARUNA A69101,22,Rolls
KARUNA A69102,17,Rolls
KARUNA A69103,22,Rolls
KARUNA A71201,13,Rolls
KARUNA A71202,27,Rolls
KARUNA A71203,9,Rolls
KARUNA A71801,6,Rolls
KARUNA A71802,7,Rolls
KARUNA A76001,26,Rolls
KARUNA A76002,11,Rolls
KARUNA A76101,22,Rolls
KARUNA A76102,13,Rolls
KARUNA A76103,9,Rolls
KARUNA A76201,10,Rolls
KARUNA A76202,10,Rolls
KARUNA A76203,2,Rolls
KARUNA A76301,13,Rolls
KARUNA A76302,-1,Rolls
KARUNA A76601,25,Rolls
KARUNA A76602,14,Rolls
KARUNA A76603,4,Rolls
NOMAD  170702,9,Rolls
NOMAD  170703,16,Rolls
NOMAD  170705,24,Rolls
NOMAD  170802,13,Rolls
NOMAD  170803,24,Rolls
NOMAD  170805,12,Rolls
NOMAD  171801,13,Rolls
NOMAD  171802,24,Rolls
NOMAD  171803,21,Rolls
NOMAD  171804 - Discontinued,4,Rolls
NOMAD  A47505,19,Rolls
NOMAD  A47506,34,Rolls
NOMAD  A47507,19,Rolls
NOMAD  A47606 - Discontinued,3,Rolls
NOMAD  A50101,13,Rolls
NOMAD  A50102,10,Rolls
NOMAD  A50105,14,Rolls
NOMAD  A50201 - Discontinued,1,Rolls
NOMAD  A50202,29,Rolls
NOMAD  A50601,17,Rolls
NOMAD  A50602 - Discontinued,13,Rolls
NOMAD  A51019,13,Rolls
NOMAD  A51020,34,Rolls
NOMAD  A51021,11,Rolls
NOMAD  A51023 - Discontinued,5,Rolls
NOMAD  A51101,32,Rolls
NOMAD  A51102,28,Rolls
NOMAD  A51201,13,Rolls
NOMAD  A51202,18,Rolls
NOMAD  A51301,27,Rolls
NOMAD  A51302,16,Rolls
NOMAD  A51303,4,Rolls
NOMAD  PP1104,18,Rolls
OROM 2 A51511,10,Rolls
OROM 2 A51512,10,Rolls
OROM 2 A51516,7,Rolls
OROM 2 MURAL 202701,8,Rolls
OROM 2 MURAL 203801,1,Rolls
OROM 2 MURAL A39501,4,Rolls
OROM 2 MURAL A40801,4,Rolls
OROM 2 MURAL A42301,5,Rolls
OROM 2 MURAL A42501,6,Rolls
OROM 2 MURAL A42601,4,Rolls
OROM 2 MURAL A43101,8,Rolls
OROM 2 MURAL A46301,2,Rolls
OROM 2 MURAL A50801,3,Rolls
OROM 2 MURAL A50802,4,Rolls
OROM 2 MURAL A52001,3,Rolls
OROM 2 MURAL A52201,10,Rolls
OROM 2 MURAL A52301,3,Rolls
OROM 2 MURAL A52501,6,Rolls
OROM 2 MURAL A53501,5,Rolls
OROM 2 MURAL A54501,15,Rolls
OROM 2 MURAL A56702,6,Rolls
OROM 2 MURAL A58201,6,Rolls
OROM 2 MURAL A58301,6,Rolls
OROM 2 MURAL A59502,12,Rolls
OROM 2 MURAL A60701,5,Rolls
OROM 2 MURAL A67701,4,Rolls
OROM 2 MURAL A71601,3,Rolls
OROM 2 MURAL A71701,6,Rolls
OROM 2 MURAL A72701,9,Rolls
OROM 2 MURAL A72801,8,Rolls
OROM 2 MURAL A73201,18,Rolls
OROM 2 MURAL A73301,5,Rolls
OROM 2 MURAL A73401,9,Rolls
OROM 2 MURAL A73501,7,Rolls
OROM 2 MURAL A73601,4,Rolls
OROM 2 MURAL A73701,11,Rolls
OROM 2 MURAL A77101,10,Rolls
OROM 2 MURAL A77201,3,Rolls
OROM 2 MURAL A77301,3,Rolls
OROM 2 MURAL A77401,12,Rolls
OROM 2 MURAL A77501,7,Rolls
OROM 2 MURAL EP6101,4,Rolls
OROM 2 MURAL EP6102,3,Rolls
OROM 2 VOA-010-01-9,12,Rolls
OROM 2 VOA-010-02-8,23,Rolls
OROM 2 VOA-010-03-7,12,Rolls
OROM 2 VOA-010-08-2,19,Rolls
TEXTURED VIBES 205101,5,Rolls
TEXTURED VIBES 205102,24,Rolls
TEXTURED VIBES 205106,13,Rolls
TEXTURED VIBES A77701,2,Rolls
TEXTURED VIBES A77702,5,Rolls
TEXTURED VIBES A77703,24,Rolls
TEXTURED VIBES A77801,23,Rolls
TEXTURED VIBES A77802,12,Rolls
TEXTURED VIBES A77803,22,Rolls
TEXTURED VIBES A77804,24,Rolls
TEXTURED VIBES A77901,22,Rolls
TEXTURED VIBES A77902,23,Rolls
TEXTURED VIBES A77903,22,Rolls
TEXTURED VIBES A77904,24,Rolls
TEXTURED VIBES A77905,24,Rolls
TEXTURED VIBES A78001,29,Rolls
TEXTURED VIBES A78002,19,Rolls
TEXTURED VIBES A78003,21,Rolls
TEXTURED VIBES A78301,4,Rolls
TEXTURED VIBES A78302,5,Rolls
TEXTURED VIBES A78303,7,Rolls
TEXTURED VIBES A78304,16,Rolls
TEXTURED VIBES A78305,12,Rolls
TEXTURED VIBES A78306,24,Rolls
TEXTURED VIBES A78307,18,Rolls
TEXTURED VIBES A78501,18,Rolls
TEXTURED VIBES A78502,12,Rolls
TEXTURED VIBES A78503,19,Rolls
TEXTURED VIBES A78504,19,Rolls
TEXTURED VIBES A78701,15,Rolls
TEXTURED VIBES A78702,14,Rolls
TEXTURED VIBES A78703,7,Rolls
TEXTURED VIBES A78704,16,Rolls
TEXTURED VIBES A78705,17,Rolls
TEXTURED VIBES A78706,8,Rolls
TEXTURED VIBES A78707,16,Rolls
TEXTURED VIBES A78708,19,Rolls
TEXTURED VIBES A78709,11,Rolls
TEXTURED VIBES A78710,16,Rolls
TEXTURED VIBES A78711,20,Rolls
TEXTURED VIBES A78712,23,Rolls
6K3522,67,Rolls
885005,68,Rolls
885008,42,Rolls
885028,57,Rolls
885036,12,Rolls
885038,51,Rolls
885040,25,Rolls
887013,35,Rolls
8K9245,5,Rolls
8K9251,58,Rolls
8K9283,114,Rolls
9660115,106,Rolls
9660175,67,Rolls
9A030605,106,Rolls
9A031003,58,Rolls
9A040501,98,Rolls
9D010504,60,Rolls
9D010902,42,Rolls
9F040101,51,Rolls
9F040103,75,Rolls
9F040104,16,Rolls
9F040105,48,Rolls
9F040106,51,Rolls
9F040202,17,Rolls
9F040206,97,Rolls
9F040402,108,Rolls
9F040805,19,Rolls
9F040901,33,Rolls
9F040902,263,Rolls
9F040904,66,Rolls
A8040503,61,Rolls
G885003,45,Rolls
5K36222,35,Rolls
5K3692,97,Rolls
885822,6,Rolls
887005,8,Rolls
887006,105,Rolls
887015,47,Rolls
887018,83,Rolls
887025,81,Rolls
8K9221,27,Rolls
8K9222,120,Rolls
8K9232,48,Rolls
8K9261,6,Rolls
8K9262,112,Rolls
8K9265,60,Rolls
8K9284,31,Rolls
8K9291,15,Rolls
8K9292,45,Rolls
8K9294,46,Rolls
8K9302,26,Rolls
9660122,11,Rolls
9660123,32,Rolls
9660125,47,Rolls
9660149,55,Rolls
9A020103,85,Rolls
9A020802,87,Rolls
9A020901,36,Rolls
9A030802,28,Rolls
9A040302,12,Rolls
9A040303,12,Rolls
9A040702,227,Rolls
9A040801,31,Rolls
9A040804,71,Rolls
9A040805,23,Rolls
9A040902,38,Rolls
9A041003,103,Rolls
9D010403,74,Rolls
9D010702,51,Rolls
9F040201,76,Rolls
A8040406,50,Rolls
885004,70,Rolls
885024,117,Rolls
885026,23,Rolls
885041,17,Rolls
885049,76,Rolls
885053,55,Rolls
885054,41,Rolls
885055,13,Rolls
887011,28,Rolls
8K9211,72,Rolls
8K9212,56,Rolls
8K9231,22,Rolls
8K9235,63,Rolls
8K9272,41,Rolls
8K9273,62,Rolls
8K9311,61,Rolls
8K9313,11,Rolls
8K9322,22,Rolls
8K9324,10,Rolls
9660116,17,Rolls
9660131,22,Rolls
9660132,31,Rolls
9660145,93,Rolls
9660154,41,Rolls
9660164,30,Rolls
9A030703,90,Rolls
9A030901,91,Rolls
9A031104,78,Rolls
9A031202,44,Rolls
9D010201,10,Rolls
9D010604,54,Rolls
9D010701,66,Rolls
9D010704,19,Rolls
9D010805,13,Rolls
9D010903,84,Rolls
9D010904,126,Rolls
9F040204,41,Rolls
9F040406,15,Rolls
9F040606,67,Rolls
A8040607,178,Rolls
A8040707,15,Rolls
6K3514,12,Rolls
6K3523,108,Rolls
885002,84,Rolls
885025,53,Rolls
885031,35,Rolls
885042,39,Rolls
885794,105,Rolls
885871,34,Rolls
8K9241,69,Rolls
8K9304,8,Rolls
8K9305,5,Rolls
8K9312,32,Rolls
9660121,67,Rolls
9660156,91,Rolls
9660165,67,Rolls
9660176,136,Rolls
9A011105,63,Rolls
9A020204,28,Rolls
9A020206,51,Rolls
9A020306,116,Rolls
9A020307,107,Rolls
9A020404,35,Rolls
9A020601,12,Rolls
9A020702,11,Rolls
9A020903,140,Rolls
9A020905,19,Rolls
9A021001,29,Rolls
9A030201,7,Rolls
9A030202,103,Rolls
9A031204,88,Rolls
9A031401,110,Rolls
9A040503,80,Rolls
9A040903,90,Rolls
9A041005,95,Rolls
9A041103,85,Rolls
9B010103,61,Rolls
9D010104,42,Rolls
9D010105,52,Rolls
9D010205,7,Rolls
9D010405,75,Rolls
9D010705,27,Rolls
9D010706,87,Rolls
9F040203,79,Rolls
9F040205,76,Rolls
9F040803,61,Rolls
A8040106,150,Rolls
A8040709,176,Rolls
A8040710,6,Rolls
G885001,33,Rolls
885018,110,Rolls
885021,6,Rolls
885035,33,Rolls
885047,14,Rolls
885861,27,Rolls
885863,5,Rolls
9660126,38,Rolls
9660143,13,Rolls
9660147,82,Rolls
9660148,71,Rolls
9660155,36,Rolls
9660163,110,Rolls
9660172,19,Rolls
9A020801,66,Rolls
9A041001,88,Rolls
9B010802,7,Rolls
9B010804,96,Rolls
9D010203,7,Rolls
9D010601,18,Rolls
9D010603,69,Rolls
9D010605,21,Rolls
9F040301,67,Rolls
9F040302,79,Rolls
9F040303,6,Rolls
9F040304,22,Rolls
9F040305,42,Rolls
9F040403,26,Rolls
9F040405,23,Rolls
9F040501,50,Rolls
9F040504,16,Rolls
9F040704,48,Rolls
9F040801,11,Rolls
9F040802,28,Rolls
9F040804,42,Rolls
9F040905,31,Rolls
G885012,104,Rolls
35001,34,Rolls
35002,40,Rolls
35003,44,Rolls
35004,25,Rolls
35005,47,Rolls
35006,48,Rolls
35011,48,Rolls
35012,35,Rolls
35013,46,Rolls
35014,46,Rolls
35015,15,Rolls
35021,27,Rolls
35022,33,Rolls
35023,33,Rolls
35024,46,Rolls
35025,33,Rolls
35026,38,Rolls
35031,25,Rolls
35032,32,Rolls
35033,18,Rolls
35034,43,Rolls
35035,2,Rolls
35041,37,Rolls
35042,23,Rolls
35043,36,Rolls
35044,32,Rolls
35045,35,Rolls
35051,26,Rolls
35052,48,Rolls
35053,42,Rolls
35054,36,Rolls
35055,43,Rolls
35061,32,Rolls
35062,20,Rolls
35063,45,Rolls
35064,24,Rolls
35065,29,Rolls
35071,48,Rolls
35072,37,Rolls
35081,30,Rolls
35091,30,Rolls
35092,30,Rolls
35093,47,Rolls
35094,20,Rolls
35098,46,Rolls
W BRIGHT PEARLS,954.5,Rolls
MZ0006,12,Rolls
MZ0007,13.5,Rolls
MZ0013,9.5,Rolls
MZ0017,18,Rolls
MZ0021,8,Rolls
MZ0031,10,Rolls
MZ0034,12,Rolls
MZ0035,8,Rolls
MZ0093,8,Rolls
MZ0101,11,Rolls
MZ0104,16,Rolls
MZ0152,18.5,Rolls
MZ0207,21,Rolls
MZ0214,20,Rolls
MZ0226,10,Rolls
MZ0272,12,Rolls
MZ0291,10.5,Rolls
MZ0292,12,Rolls
MZ0331,17,Rolls
MZ0332,12,Rolls
MZ0333,14,Rolls
MZ0334,6,Rolls
MZ0341,12,Rolls
MZ0342,11,Rolls
MZ0343,32,Rolls
MZ0344,13,Rolls
MZ0351,15.5,Rolls
MZ0352,7,Rolls
MZ0361,18,Rolls
MZ0362,15.5,Rolls
MZ0363,10,Rolls
MZ0364,42,Rolls
MZ0365,12,Rolls
MZ0366,8.5,Rolls
MZ0367,12,Rolls
MZ0371,10,Rolls
MZ0372,9,Rolls
MZ0373,7,Rolls
MZ0374,12,Rolls
MZ0375,20,Rolls
MZ0376,11,Rolls
MZ0381,11.5,Rolls
MZ0383,6,Rolls
MZ0384,24.5,Rolls
MZ0385,11,Rolls
MZ0391,6,Rolls
MZ0393,10.5,Rolls
MZ0394,8.5,Rolls
MZ0395,17.5,Rolls
MZ0401,8,Rolls
MZ0402,12,Rolls
MZ0403,24.5,Rolls
MZ0404,5,Rolls
MZ0405,12,Rolls
MZ0406,12,Rolls
MZ0411,16.5,Rolls
MZ0412,23.5,Rolls
MZ0413,10,Rolls
MZ0421,8,Rolls
MZ0422,21.5,Rolls
MZ0424,19.5,Rolls
MZ0425,17,Rolls
MZ0427,13,Rolls
MZ0431,12,Rolls
MZ0432,24,Rolls
MZ0433,16,Rolls
MZ0441,27,Rolls
MZ0442,6,Rolls
MZ0443,5,Rolls
MZ0444,10,Rolls
W ESSENTIAL STRIPE,825,Rolls
CLASSIC STRIPE 9814-1,10,Rolls
CLASSIC STRIPE 9814-2,10,Rolls
CLASSIC STRIPE 9814-3,19,Rolls
CLASSIC STRIPE 9814-4,4,Rolls
CLASSIC STRIPE 9814-5,18,Rolls
CLASSIC STRIPE 9814-6,18,Rolls
CLASSIC STRIPE 9814-7,16,Rolls
CLOSET STRIPE 9817-1,9,Rolls
CLOSET STRIPE 9817-2,3,Rolls
CLOSET STRIPE 9817-4,31,Rolls
COLLAGE 9813-1,5,Rolls
COLLAGE 9813-2,19,Rolls
COLLAGE 9813-3,7,Rolls
COLLAGE 9813-4,14,Rolls
CRONNO STRIPE 5060-1,10,Rolls
CRONNO STRIPE 5060-2,10,Rolls
CRONNO STRIPE 5060-3,7,Rolls
KING STRIPE 5062-1,11,Rolls
KING STRIPE 5062-2,18,Rolls
KING STRIPE 5062-3,15,Rolls
LANE STRIPE 9810-1,19,Rolls
LANE STRIPE 9810-2,9,Rolls
LANE STRIPE 9810-3,14,Rolls
LANE STRIPE 9810-4,21,Rolls
LANE STRIPE 9810-5,20,Rolls
LIBRARY STRIPE 9811-1,17,Rolls
LIBRARY STRIPE 9811-2,21,Rolls
LIBRARY STRIPE 9811-3,8,Rolls
LIBRARY STRIPE 9811-4,10,Rolls
LIBRARY STRIPE 9811-5,9,Rolls
LIBRARY STRIPE 9811-6,14,Rolls
OXFORD 9819-1,17,Rolls
OXFORD 9819-2,5,Rolls
OXFORD 9819-4,14,Rolls
OXFORD 9819-5,6,Rolls
OXFORD 9819-6,12,Rolls
POLO STRIPE 9815-1,19,Rolls
POLO STRIPE 9815-2,26,Rolls
POLO STRIPE 9815-3,22,Rolls
POLO STRIPE 9815-4,24,Rolls
POLO STRIPE 9815-5,21,Rolls
POLO STRIPE 9815-6,31,Rolls
ROYAL STRIPE 9816-1,13,Rolls
ROYAL STRIPE 9816-2,14,Rolls
ROYAL STRIPE 9816-3,20,Rolls
ROYAL STRIPE 9816-4,12,Rolls
ROYAL STRIPE 9816-6,18,Rolls
SHIRT STRIPE 9818-1,10,Rolls
SHIRT STRIPE 9818-3,9,Rolls
SHIRT STRIPE 9818-4,31,Rolls
SMART STRIPE 9812-1,15,Rolls
SMART STRIPE 9812-2,15,Rolls
SMART STRIPE 9812-3,36,Rolls
SMART STRIPE 9812-4,13,Rolls
SMART STRIPE 9812-5,6,Rolls
W HANA,820,Rolls
1900-1,20,Rolls
1900-2,17,Rolls
1900-3,28,Rolls
1900-4,3,Rolls
1900-5,10,Rolls
1901-1,20,Rolls
1901-2,17,Rolls
1901-3,16,Rolls
1901-4,21,Rolls
1902-1,15,Rolls
1902-2,14,Rolls
1902-3,11,Rolls
1902-4,7,Rolls
1903-1,11,Rolls
1903-2,6,Rolls
1903-3,10,Rolls
1903-4,7,Rolls
1904-1,13,Rolls
1904-2,7,Rolls
1904-3,16,Rolls
1904-4,18,Rolls
1905-1,4,Rolls
1905-2,15,Rolls
1905-3,25,Rolls
1905-4,9,Rolls
1905-5,18,Rolls
1906-1,17,Rolls
1906-2,11,Rolls
1906-3,18,Rolls
1906-4,20,Rolls
1906-5,6,Rolls
1907-1,19,Rolls
1907-2,20,Rolls
1907-3,7,Rolls
1907-4,15,Rolls
1907-5,18,Rolls
1908-1,19,Rolls
1908-2,16,Rolls
1908-3,10,Rolls
1908-4,21,Rolls
1909-1,18,Rolls
1909-2,36,Rolls
1909-3,32,Rolls
1909-4,18,Rolls
1909-5,31,Rolls
1909-6,7,Rolls
1910-1,21,Rolls
1910-2,8,Rolls
1910-3,23,Rolls
1910-4,22,Rolls
1910-5,7,Rolls
1911-2 MURAL,10,Rolls
1911-3 MURAL,12,Rolls
W JAIPUR,951,Rolls
JAIPUR AM 480-4,24,Rolls
JAIPUR AZ 480-2,18,Rolls
JAIPUR AZ OS 480-5,18,Rolls
JAIPUR BAGALA AZ/BL 484-2,14,Rolls
JAIPUR BAGALA BG/AZ 484-4,13,Rolls
JAIPUR BAGALA GR/BG 484-1,12,Rolls
JAIPUR BAGALA VD/MU 484-3,17,Rolls
JAIPUR BAZAAR AM/VD 486-5,22,Rolls
JAIPUR BAZAAR AZ 486-2,23,Rolls
JAIPUR BAZAAR BG 486-1,23,Rolls
JAIPUR BAZAAR GR 486-4,20,Rolls
JAIPUR BAZAAR TE 486-3,24,Rolls
JAIPUR BG/GR 480-1,12,Rolls
JAIPUR CHAI STR AN 488-4,36,Rolls
JAIPUR CHAI STR AZ 488-5,32,Rolls
JAIPUR CHAI STR BG/GR 488-1,34,Rolls
JAIPUR CHAI STR TE 488-3,34,Rolls
JAIPUR CHAI STR VD/TU 488-2,35,Rolls
JAIPUR HAWA AZ 483-2,21,Rolls
JAIPUR HAWA BG/GR 483-1,17,Rolls
JAIPUR HAWA BL/GR 483-5,27,Rolls
JAIPUR HAWA TE 483-3,15,Rolls
JAIPUR HAWA VD 483-4,20,Rolls
JAIPUR KHILNA AZ/VD 482-2,15,Rolls
JAIPUR KHILNA GR/BG 482-1,8,Rolls
JAIPUR KHILNA RJ/VD 482-3,13,Rolls
JAIPUR KHILNA VD/MU 482-4,15,Rolls
JAIPUR KREYON AM/VD 481-4,34,Rolls
JAIPUR KREYON AZ/TU 481-2,27,Rolls
JAIPUR KREYON BG/GR 481-1,25,Rolls
JAIPUR KREYON GR 481-3,29,Rolls
JAIPUR LOREL AM/VD 485-5,18,Rolls
JAIPUR LOREL AZ OS 485-6,10,Rolls
JAIPUR LOREL AZ/TU 485-2,29,Rolls
JAIPUR LOREL GR/BG 485-1,15,Rolls
JAIPUR LOREL RS/BG 485-3,13,Rolls
JAIPUR LOREL VD 485-4,20,Rolls
JAIPUR NADI STRIP AZ 487-5,32,Rolls
JAIPUR NADI STRIP BG/GR 487-1,23,Rolls
JAIPUR NADI STRIP GR 487-4,35,Rolls
JAIPUR NADI STRIP RS 487-3,31,Rolls
JAIPUR NADI STRIP TUR 487-2,32,Rolls
JAIPUR RS/BG 480-3,16,Rolls
W JOURNEY TO THE EAST,673,Rolls
91790,18,Rolls
91791,8,Rolls
91792,16,Rolls
91793,9,Rolls
91800,11,Rolls
91801,21,Rolls
91810,7,Rolls
91811,11,Rolls
91812,15,Rolls
91813,12,Rolls
91814,21,Rolls
91820,12,Rolls
91821,21,Rolls
91822,12,Rolls
91823,14,Rolls
91824,10,Rolls
91830,3,Rolls
91831,13,Rolls
91832,23,Rolls
91833,14,Rolls
91840,13,Rolls
91841,17,Rolls
91842,17,Rolls
91850,13,Rolls
91851,18,Rolls
91852,19,Rolls
91853,11,Rolls
91854,14,Rolls
91860,23,Rolls
91861,21,Rolls
91862,23,Rolls
91863,19,Rolls
91870,13,Rolls
91871,23,Rolls
91872,18,Rolls
91873,27,Rolls
91874,17,Rolls
91880,22,Rolls
91881,33,Rolls
91882,23,Rolls
91883,18,Rolls
W LIGHT GEX,702,Rolls
LIG100601212,24,Rolls
LIG100601520,24,Rolls
LIG100606803,22,Rolls
LIG101075050,22,Rolls
LIG101076112,24,Rolls
LIG101077144,21,Rolls
LIG103221267,23,Rolls
LIG103222042,22,Rolls
LIG106560020,7,Rolls
LIG106565055,19,Rolls
LIG106569090,27,Rolls
LIG106569129,4,Rolls
LIG106570014,27,Rolls
LIG106576040,20,Rolls
LIG106577023,21,Rolls
LIG106579021,22,Rolls
LIG106591029,21,Rolls
LIG106597070,19,Rolls
LIG106599105,22,Rolls
LIG106600026,13,Rolls
LIG106601010,21,Rolls
LIG106606025,24,Rolls
LIG106609090,24,Rolls
LIG106610017,23,Rolls
LIG106616026,23,Rolls
LIG106619021,22,Rolls
LIG106620000,21,Rolls
LIG106621017,24,Rolls
LIG106626010,22,Rolls
LIG106629000,24,Rolls
LIG106640000,24,Rolls
LIG106640127,22,Rolls
LIG106641015,24,Rolls
W LINEN EDITION 2,1032,Rolls
LNI103221012,3,Rolls
LNI103221129,18,Rolls
LNI103221134,18,Rolls
LNI103221246,17,Rolls
LNI103221366,24,Rolls
LNI103221390,19,Rolls
LNI103221415,9,Rolls
LNI103221498,4,Rolls
LNI103221550,3,Rolls
LNI103221717,9,Rolls
LNI103221720,11,Rolls
LNI103221746,18,Rolls
LNI103221819,17,Rolls
LNI103221850,7,Rolls
LNI103221874,12,Rolls
LNI103221900,24,Rolls
LNI103221933,17,Rolls
LNI103222200,24,Rolls
LNI103222420,22,Rolls
LNI103222424,23,Rolls
LNI103222560,22,Rolls
LNI103222620,18,Rolls
LNI103222760,20,Rolls
LNI103222790,24,Rolls
LNI103222804,17,Rolls
LNI103222952,24,Rolls
LNI103223131,3,Rolls
LNI103224076,24,Rolls
LNI103224160,24,Rolls
LNI103225050,6,Rolls
LNI103226145,21,Rolls
LNI103226230,7,Rolls
LNI103226399,19,Rolls
LNI103227000,24,Rolls
LNI103227410,20,Rolls
LNI103227412,22,Rolls
LNI103227602,22,Rolls
LNI103227660,21,Rolls
LNI103227780,22,Rolls
LNI103227864,24,Rolls
LNI103227970,24,Rolls
LNI103228088,10,Rolls
LNI103229000,17,Rolls
LNI103229055,19,Rolls
LNI103229123,21,Rolls
LNI103229156,16,Rolls
LNI103229610,24,Rolls
LNI103230020,24,Rolls
LNI103231220,13,Rolls
LNI103232029,24,Rolls
LNI103233030,18,Rolls
LNI103234021,16,Rolls
LNI103236032,16,Rolls
LNI103236590,24,Rolls
LNI103237220,24,Rolls
LNI103239022,19,Rolls
LNI103239130,19,Rolls
LNI103239222,21,Rolls
ES21103,213,Rolls
ES21104J,187,Rolls
ES21502,177,Rolls
ES21503,1,Rolls
ES21504,216,Rolls
ES21505,214,Rolls
ES21506,108,Rolls
ES21508,187,Rolls
ES21908,190,Rolls
ES21909,153,Rolls
ES21910,210,Rolls
ES22402,204,Rolls
ES22403,249,Rolls
ES22404,188,Rolls
ES22406,229,Rolls
ES22502,67,Rolls
ES22503,245,Rolls
ES22505,7,Rolls
ES22506,174,Rolls
ES22508,193,Rolls
ES22509,200,Rolls
ES22602,157,Rolls
ES22604,152,Rolls
ES22605,74,Rolls
ES22606,104,Rolls
ES22608,169,Rolls
ES22701,238,Rolls
ES22702,222,Rolls
ES22703J,118,Rolls
ES22706,257,Rolls
ES22802,239,Rolls
ES22803,238,Rolls
ES22805,63,Rolls
ES22807,253,Rolls
ES22902,132,Rolls
ES22903,168,Rolls
ES22908,54,Rolls
ES22909,224,Rolls
ES22910,200,Rolls
ES23103,179,Rolls
ES23104,103,Rolls
ES23206,109,Rolls
ES23302,117,Rolls
ES23303,175,Rolls
ES23309,137,Rolls
ES23405,245,Rolls
ES23406,85,Rolls
ES23407,85,Rolls
ES23502,103,Rolls
ES23503,203,Rolls
ES23504,202,Rolls
ES23604,173,Rolls
ES23606,81,Rolls
AST207,39,Rolls
AST209,82,Rolls
AST211,108,Rolls
AST212,110,Rolls
AST301,12,Rolls
AST303,20,Rolls
AST304,31,Rolls
AST307,140,Rolls
AST309,3,Rolls
AST908,142,Rolls
AST909,69,Rolls
BLA502,127,Rolls
BLA504,33,Rolls
BLA506,29,Rolls
BLA507,2,Rolls
BLA803,85,Rolls
BLA806,117,Rolls
BLA808,71,Rolls
BLA818,17,Rolls
BLA819,84,Rolls
BLA902,14,Rolls
BLA903,27,Rolls
BLA906,52,Rolls
BLA907,32,Rolls
BLA910,69,Rolls
BLA914,147,Rolls
BLA920,133,Rolls
BLA921,33,Rolls
CRE410,27,Rolls
CRE411,16,Rolls
CRE602,70,Rolls
CRE608,48,Rolls
DYA104,26,Rolls
DYA1103,76,Rolls
DYA1108,33,Rolls
DYA1209,77,Rolls
DYA1210,119,Rolls
DYA201,90,Rolls
DYA203,71,Rolls
DYA204,91,Rolls
DYA302,96,Rolls
DYA307,44,Rolls
DYA311,113,Rolls
DYA312,27,Rolls
DYA709,25,Rolls
DYA712,127,Rolls
DYA903,46,Rolls
DYA904,136,Rolls
DYA906,69,Rolls
DYA908,61,Rolls
EST403,63,Rolls
FIE101,38,Rolls
FIE103,190,Rolls
FIE104,64,Rolls
FIE105,32,Rolls
FIE106,67,Rolls
FIE201,81,Rolls
FIE203,136,Rolls
FIE204,96,Rolls
FIE205,57,Rolls
FIE206,131,Rolls
FIE303,47,Rolls
FIE304,112,Rolls
FIE306,64,Rolls
FIE307,56,Rolls
FIE401,68,Rolls
FIE402,56,Rolls
FIE403,89,Rolls
FIE404,82,Rolls
FIE406,126,Rolls
FIE501,51,Rolls
FIE502,95,Rolls
FIE503,89,Rolls
FIE504,29,Rolls
FIE505,112,Rolls
FIE506,112,Rolls
FIE508,127,Rolls
FIE509,73,Rolls
FIE510,174,Rolls
FIE701,34,Rolls
FIE702,126,Rolls
FIE703,27,Rolls
FIE704,132,Rolls
FIE705,129,Rolls
HOR101,37,Rolls
HOR103,29,Rolls
HOR104,61,Rolls
EST501,22,Rolls
EST502,71,Rolls
EST503,102,Rolls
EST505,104,Rolls
EST506,153,Rolls
FIE603,72,Rolls
FIE604,46,Rolls
FIE609,103,Rolls
FIE610,66,Rolls
FIE612,37,Rolls
FIE613,93,Rolls
FIE615,2,Rolls
FIE802,77,Rolls
FIE803,93,Rolls
FIE804,76,Rolls
FIE806,118,Rolls
FIE807,49,Rolls
FIE809,55,Rolls
FIE810,42,Rolls
FIE901,133,Rolls
FIE902,135,Rolls
FIE910,95,Rolls
GOR201,6,Rolls
GOR203,37,Rolls
GOR209,28,Rolls
GOR301,9,Rolls
GOR304,38,Rolls
GOR313,41,Rolls
GOR508,29,Rolls
GOR510,65,Rolls
GOR511,77,Rolls
GOR514,24,Rolls
GOR515,18,Rolls
GOR801,4,Rolls
GOR803,30,Rolls
GOR806,73,Rolls
GOR807,119,Rolls
GOR808,101,Rolls
GOR809,62,Rolls
GOR810,135,Rolls
GOR816,20,Rolls
GOR902,126,Rolls
GOR906,60,Rolls
GOR907,46,Rolls
GOR909,207,Rolls
GOR911,122,Rolls
HOR302,20,Rolls
HOR303,8,Rolls
HOR306,143,Rolls
HOR402,150,Rolls
HOR403,94,Rolls
HOR406,71,Rolls
HOR801,190,Rolls
HOR803,89,Rolls
HOR808,45,Rolls
HOR809,114,Rolls
HOR813,5,Rolls
HOR814,31,Rolls
W OHLALA,856,Rolls
229-3B,15,Rolls
229-4B,5,Rolls
3350-1,17,Rolls
3350-2,11,Rolls
3350-3,15,Rolls
3350-4,3,Rolls
3351-1,13,Rolls
3351-2,19,Rolls
3352-1,8,Rolls
3352-2,12,Rolls
3352-3,13,Rolls
3353-1,7,Rolls
3353-2,15,Rolls
3353-3,20,Rolls
3354-1,11,Rolls
3354-2,5,Rolls
3354-3,30,Rolls
3355-1,36,Rolls
3355-2,7,Rolls
3355-3,11,Rolls
3356-1,14,Rolls
3357-1,16,Rolls
3357-2,22,Rolls
3357-3,13,Rolls
3357-4,33,Rolls
3358-1,5,Rolls
3358-2,8,Rolls
3359-1,11,Rolls
3359-2,18,Rolls
3360-1,13,Rolls
3360-2,14,Rolls
3360-3,28,Rolls
3361-1,12,Rolls
3361-2,15,Rolls
3361-3,19,Rolls
3361-4,12,Rolls
3362-1,14,Rolls
3362-2,11,Rolls
3362-3,4,Rolls
3363-1,15,Rolls
3363-2,5,Rolls
3363-3,15,Rolls
3363-4,13,Rolls
3363-5,22,Rolls
3363-6,15,Rolls
3363-7,17,Rolls
3363-8,19,Rolls
3363-9,9,Rolls
3450-1,6,Rolls
3450-2,4,Rolls
3451-1,21,Rolls
3452-1,6,Rolls
3452-2,23,Rolls
3453-1,8,Rolls
3453-2,20,Rolls
3454-1,11,Rolls
3454-3,13,Rolls
3454-4,14,Rolls
586-1B,12,Rolls
586-2B,17,Rolls
586-3B,16,Rolls
W ORIGINS,927,Rolls
8500-1,17,Rolls
8500-2,33,Rolls
8500-3,20,Rolls
8500-4,15,Rolls
8500-5,4,Rolls
8501-1,9,Rolls
8501-2,17,Rolls
8501-3,11,Rolls
8502-1,30,Rolls
8502-2,41,Rolls
8502-3,5,Rolls
8502-4,20,Rolls
8503-1,12,Rolls
8503-2,9,Rolls
8503-3,5,Rolls
8503-4,7,Rolls
8504-1,11,Rolls
8504-2,15,Rolls
8504-3,20,Rolls
8504-4,19,Rolls
8505-1,51,Rolls
8505-2,16,Rolls
8505-3,16,Rolls
8505-4,5,Rolls
8505-5,12,Rolls
8506-1,13,Rolls
8506-2,7,Rolls
8506-3,21,Rolls
8506-4,6,Rolls
8506-5,18,Rolls
8507-1,29,Rolls
8507-2,25,Rolls
8507-3,27,Rolls
8507-4,36,Rolls
8507-5,10,Rolls
8508-1,36,Rolls
8508-2,9,Rolls
8508-3,32,Rolls
8508-4,21,Rolls
8509-1,33,Rolls
8509-2,15,Rolls
8509-3,21,Rolls
8509-4,18,Rolls
8510-1,8,Rolls
8510-2,9,Rolls
8510-3,13,Rolls
8511-1,7,Rolls
8511-2,25,Rolls
8511-3,23,Rolls
8511-4,15,Rolls
8511-5,9,Rolls
8511-6,11,Rolls
8511-7,10,Rolls
W PIPPO,527,Rolls
BALLOONS 452-1,1,Rolls
BALLOONS 452-2,13,Rolls
CLOUDS 458-1,9,Rolls
CLOUDS 458-2,9,Rolls
CLOUDS 458-3,8,Rolls
CLOUDS 458-4,17,Rolls
CONFETTI 453-1,17,Rolls
CONFETTI 453-2,10,Rolls
DREAMS 450-1,14,Rolls
DREAMS 450-2,17,Rolls
DREAMS 450-3,12,Rolls
LITTLE PARADE 451-1,15,Rolls
LITTLE PARADE 451-2,9,Rolls
LITTLE PARADE 451-3,17,Rolls
PETIT FLEUR 455-1,17,Rolls
PETIT FLEUR 455-2,4,Rolls
PIPPO CONFETTI TU 473-1,1,Rolls
PIPPO FINE STRIPES 462-2,20,Rolls
PIPPO FINE STRIPES 462-3,6,Rolls
PIPPO FINE STRIPES 462-4,1,Rolls
PIPPO PLAIN 463-1,8,Rolls
PIPPO PLAIN 463-2,12,Rolls
PIPPO PLAIN 463-3,10,Rolls
PIPPO PLAIN 463-4,17,Rolls
PIPPO PLAIN 463-5,19,Rolls
PIPPO PLAIN 463-6,12,Rolls
PIPPO SPECKS 459-1,13,Rolls
PIPPO SPECKS 459-2,15,Rolls
PIPPO SPECKS 459-3,16,Rolls
PIPPO SPOTS 460-1,26,Rolls
PIPPO SPOTS 460-2,10,Rolls
PIPPO SPOTS 460-3,24,Rolls
PIPPO STRIPES 461-1,10,Rolls
PIPPO STRIPES 461-2,5,Rolls
PIPPO STRIPES 461-3,6,Rolls
PIPPO STRIPES 461-4,11,Rolls
PIPPO STRIPES 461-5,12,Rolls
SAFARI 454-1,4,Rolls
SAFARI 454-2,13,Rolls
STARS 457-1,12,Rolls
STARS 457-2,11,Rolls
STARS 457-3,9,Rolls
TRAVEL FRIENDS 456-1,19,Rolls
TRAVEL FRIENDS 456-2,16,Rolls
W RAFAEL,1245,Rolls
29101,19,Rolls
29102,30,Rolls
29103,32,Rolls
29104,17,Rolls
29105,52,Rolls
29106,32,Rolls
29201,28,Rolls
29202,39,Rolls
29203,39,Rolls
29204,48,Rolls
29205,40,Rolls
29206,41,Rolls
29207,38,Rolls
29301,16,Rolls
29302,31,Rolls
29303,33,Rolls
29304,26,Rolls
29305,51,Rolls
29306,45,Rolls
29401,22,Rolls
29402,29,Rolls
29403,29,Rolls
29404,48,Rolls
29405,31,Rolls
29406,35,Rolls
29501,22,Rolls
29502,37,Rolls
29503,6,Rolls
29504,43,Rolls
29505,27,Rolls
29506,48,Rolls
29601,41,Rolls
29602,51,Rolls
29603,51,Rolls
29604,21,Rolls
29605,24,Rolls
29606,23,Rolls
W SANYI,1061,Rolls
SY1001F,10,Rolls
SY1002F,31,Rolls
SY1003F,27,Rolls
SY1004F,19,Rolls
SY1005F,14,Rolls
SY1011F,14,Rolls
SY1012F,15,Rolls
SY1013F,1,Rolls
SY1014F,15,Rolls
SY1015F,11,Rolls
SY1022F,9,Rolls
SY1024F,35,Rolls
SY1026F,23,Rolls
SY1031F,37,Rolls
SY1032F,6,Rolls
SY1033F,5,Rolls
SY1034F,35,Rolls
SY1035F,15,Rolls
SY1036F,22,Rolls
SY1041F,38,Rolls
SY1042F,11,Rolls
SY1043F,24,Rolls
SY1045F,18,Rolls
SY1051F,10,Rolls
SY1052F,20,Rolls
SY1061F,12,Rolls
SY1062F,15,Rolls
SY1081F,4,Rolls
SY1082F,19,Rolls
SY1091F,12,Rolls
SY1092F,24,Rolls
SY1093F,16,Rolls
SY1111F,20,Rolls
SY1112F,33,Rolls
SY1113F,14,Rolls
SY1114F,12,Rolls
SY1115F,16,Rolls
SY1123F,3,Rolls
SY1131F,13,Rolls
SY1132F,13,Rolls
SY1133F,12,Rolls
SY1134F,16,Rolls
SY1137F,21,Rolls
SY1142F,16,Rolls
SY1151F,25,Rolls
SY1152F,18,Rolls
SY1153F,21,Rolls
SY1154F,18,Rolls
SY1155F,21,Rolls
SY1156F,12,Rolls
SY1157F,26,Rolls
SY1158F,14,Rolls
SY1161F,11,Rolls
SY1162F,6,Rolls
SY1163F,12,Rolls
SY1164F,13,Rolls
SY1171F,10,Rolls
SY1174F,19,Rolls
SY1177F,17,Rolls
SY1181F,12,Rolls
SY1182F,7,Rolls
SY1183F,8,Rolls
SY1184F,18,Rolls
SY1185F,17,Rolls
W TALES OF THE MANOR,803,Rolls
91890,14,Rolls
91891,24,Rolls
91892,23,Rolls
91900,24,Rolls
91901,24,Rolls
91902,14,Rolls
91903,18,Rolls
91904,19,Rolls
91910,24,Rolls
91911,17,Rolls
91912,20,Rolls
91913,18,Rolls
91920,17,Rolls
91921,11,Rolls
91922,10,Rolls
91923,15,Rolls
91930,15,Rolls
91931,4,Rolls
91932,5,Rolls
91933,14,Rolls
91940,16,Rolls
91941,16,Rolls
91942,24,Rolls
91943,21,Rolls
91950,27,Rolls
91951,10,Rolls
91952,14,Rolls
91960,9,Rolls
91961,14,Rolls
91962,6,Rolls
91963,12,Rolls
91970,23,Rolls
91971,9,Rolls
91972,13,Rolls
91973,8,Rolls
91980,13,Rolls
91981,22,Rolls
91982,13,Rolls
91983,24,Rolls
91990,35,Rolls
91991,24,Rolls
91992,20,Rolls
91993,13,Rolls
91994,18,Rolls
92000,14,Rolls
92001,18,Rolls
92002,24,Rolls
92003,13,Rolls
W TEXTURA,819,Rolls
66120,20,Rolls
66121,22,Rolls
66122,21,Rolls
66123,12,Rolls
66130,21,Rolls
66131,21,Rolls
66132,24,Rolls
66133,11,Rolls
66134,11,Rolls
66140,22,Rolls
66141,29,Rolls
66142,17,Rolls
66143,19,Rolls
66150,24,Rolls
66151,22,Rolls
66152,22,Rolls
66160,23,Rolls
66161,14,Rolls
66162,22,Rolls
66163,11,Rolls
66170,21,Rolls
66171,23,Rolls
66172,16,Rolls
66173,23,Rolls
66180,23,Rolls
66181,22,Rolls
66182,24,Rolls
66183,23,Rolls
66190,22,Rolls
66191,24,Rolls
66192,24,Rolls
66193,23,Rolls
66200,22,Rolls
66201,24,Rolls
66203,24,Rolls
66204,24,Rolls
66210,11,Rolls
66211,23,Rolls
66212,12,Rolls
66213,23,Rolls
